אאב'לאר,a_avlar,L
אאבאסטיסירליס,abasteserles,L
אאוגאר,aogar,L
אאוטרה,a_otra,L
אאוטרו,a_otro,L
אאוטרוס,a_otros,L
אאולב'ידאר,a_olvidar,L
אאולב'ידארמוס,a_olvidarmos,L
אאולב'ידארסי,a_olvidarse,L
אאולייר,a_oyir,L
אאון,aun,L
אאונה,a_una,L
אאונו,a_uno,L
אאזיר,a_azer,L
אאזירלה,a_azerla,L
אאזירלו,a_azerlo,L
אאזירסי,a_azerse,L
אאי,ai,L
אאיג'ארסי,a_echarse,L
אאיז'וס,a_ijos,L
אאיל,a_el,L
אאילייא,a_eya,L
אאילייוס,a_eyos,L
אאינביזאר,a_enbezar,L
אאינדה,ainda,L
אאינטינדיר,a_entender,L
אאינטינדירלו,a_entenderlo,L
אאינטיראר,a_entrar,L
אאינטראר,a_entrar,L
אאינטרימיטירטי,a_entremeterse,L
אאינמינטאר,a_enmentar,L
אאיסטאר,a_estar,L
אאיסטה,a_esta,L
אאיסטו,a_esto,L
אאיסטוס,a_estos,L
אאיסטי,a_este,L
אאיסקאפאר,a_eskapar,L
אאיסקאפארלוס,a_eskaparlos,L
אאיסקלאמאר,a_esklamar,L
אאיסקריב'ירלו,a_eskrivirlo,L
אאיר,a_ir,L
אאירידאר,a_eredar,L
אאירסי,a_irse,L
אאלאב'אר,a_alavar,L
אאלגונה,a_alguna,L
אאלישארסי,a_alesharse,L
אאסינטארסי,a_asentarse,
אאפ'ירמאר,a_afirmar,L
אאפ'ירמארלאס,afrimarlas,L
אאפידריארמוס,a_pedrearmos,L
אאקוז'יר,a_akojer,L
אאקיאה,a_akea,L
אאקיל,a_akel,L
אאראב'ייארסי,a_arravyarse,L
אארטורה,a_artura,L
אב'וזוטרוס,a_vozotros,L
אב'י,ave,L
אב'יאה,avia,L
אב'יאן,avian,L
אב'יז'יטאר,a_vijitar,L
אב'יזאדאס,avizadas,L
אב'יזאדו,avizado,L
אב'יזאן,avizan,L
אב'יזאראס,avizaras,L
אב'יזארב'וס,avizarvos,L
אב'יזארה,avizara,L
אב'יזארון,avizaron,L
אב'יזארימוס,avizaremos,L
אב'יזארליס,avizarles,L
אב'יזארמוס,avizarmos,L
אב'יזה,aviza,L
אב'יזו,avizo,L
אב'יזימוס,avizimos,L
אב'יזימיס,avizimos,L
אב'יינדו,avyendo,L
אב'יינין,avyenen,L
אב'ינטארלו,aventarlo,L
אב'ינטוראדה,aventurada,
אב'ינטוראדו,aventurado,L
אב'יס,aves,L
אב'יר,a_ver,L
אב'ירגואינסאב'אן,averguensavan,L
אב'ירגואינסאר,averguensar,L
אב'ירגואינסאראן,averguensaran,L
אב'ירגואינסארלוס,averguensarlos,L
אב'ירגואינסארסי,averguensarse,L
אב'ירגואינסארסין,averguensarsen,L
אב'ירגואינסאש,averguensash,L
אב'ירגואינסה,averguensa,L
אב'ירלאס,a_verlas,L
אב'לאב'אן,avlavan,L
אב'לאב'אס,avlavas,L
אב'לאב'ה,avlava,L
אב'לאדור,avlador,L
אב'לאן,avlan,L
אב'לאנדו,avlondo,L
אב'לאס,avlas,L
אב'לאסטיס,avlastes,L
אב'לאסטיש,avlastesh,L
אב'לאר,avlar,L
אב'לאראן,avlaran,L
אב'לאראש,avlarash,L
אב'לארון,avlaron,L
אב'לארי,avlare,L
אב'לארלי,avlarle,L
אב'לה,avla,L
אב'לו,avlo,L
אב'לי,avle,L
אב'לין,avlen,L
אב'רה,avra,L
אב'רי,avri,L
אב'רייו,avriyo,L
אב'ריר,avrir,L
אבא,Abba,H
אבאטידו,abatido,L
אבאטידוס,abatidos,L
אבאיילאר,a_baylar,L
אבאסטאב'ה,abastava,L
אבאסטה,abasta,L
אבאסטיסי,abastese,L
אבאסטיסיר,abasteser,L
אבאסטיסירליס,abasteserles,L
אבאסטיסקו,abastesko,L
אבאשאב'ה,abashava,L
אבאשאדה,abashada,L
אבאשאסטיס,abashastes,L
אבאשאר,abashar,L
אבאשארה,abashara,L
אבאשארון,abasharon,L
אבאשארי,abashare,L
אבאשארמוס,abasharmos,L
אבאשה,abasha,L
אבאשו,abasho,L
אבאשי,abashi,L
אבהו,Abau,H
אבולטאדו,aboltado,L
אבולטאן,aboltan,L
אבולטה,abolta,L
אבוקארסי,abokarse,L
אבוקו,aboko,L
אבוקי,aboke,L
אבוריסי,aborrese,L
אבוריסידה,aborresida,L
אבוריסייו,aborresyo,L
אבוריסייון,aborresyon,L
אבושקאר,a_bushkar,L
אבושקארב'וס,a_bushkarvos,L
אביב'יר,a_bever,L
אביב'ראב'ה,abevrava,
אביב'רה,abevra,L
אביהוא,Aviu,H
אביזארלו,a_bezarlo,L
אבינדיזיר,a_bendizir,L
אבינדיזירלוס,a_bendizirlos,L
אבינו,Avinu,H
אבירם,Aviram,H
אבל,avel,H
אבלאסטיס,avlastes,L
אבלות,avelut,H
אבראסאב'ה,abrasava,L
אבראסארלו,abrasarlo,L
אברהם,Avraam,H
אברייו,avriyo,L
אג'אקי,achake,L
אג'אקיס,achakes,L
אג'וגאר,a_djugar,L
אג'וזגאר,a_djuzgar,L
אג'וזגארלו,a_djuzgarlo,L
אג'וזגארסי,a_djuzgarse,L
אג'ונטאדו,adjuntado,L
אג'ונטאסטיש,adjuntastesh,L
אג'ונטארה,adjuntara,L
אג'ונטארון,adjuntaron,L
אג'ונטארלו,adjuntarlo,L
אג'ונטארסי,adjuntarse,L
אג'ונטארסין,adjuntarsen,L
אג'ונטה,adjunta,L
אג'ונטו,adjunto,L
אג'וסטארון,adjustaron,L
אג'וסטי,adjuste,L
אגאמוס,agamos,L
אגאן,agan,L
אגאס,agas,L
אגאש,agash,L
אגה,aga,L
אגו,ago,L
אגואדראר,a_guadrar,L
אגואה,agua,L
אגואיסטרוס,a_guestros,L
אגואס,aguas,L
אגודה,aguda,L
אגוליר,a_goler,L
אגורה,agora,L
אגראדאב'ה,agradava,L
אגראדאן,agradan,L
אגראדה,agrada,L
אגראדיסירסילו,agradeserselo,L
אגריפס,Agripas,H
אדאנייאר,a_danyar,L
אדאר,a_dar,L
אדארלו,a_darlo,L
אדארלי,a_darle,L
אדארליס,a_darles,L
אדארמוס,a_darmos,L
אדארסאר,a_darsar,L
אדארסילו,a_darselo,L
אדוב'אן,adovan,L
אדוב'אר,adovar,L
אדוב'ארון,adovaron,L
אדוב'ה,adova,L
אדוב'ו,adovo,L
אדוב'יס,adoves,L
אדולורייא,adolorya,L
אדולורייאן,adoloryan,L
אדום,Edom,H
אדונדי,adonde,L
אדוס,a_dos,L
אדורמיר,a_durmir,L
אדיגולייארלו,a_degoyarlo,L
אדיזיר,a_dizir,L
אדיזירלי,adizirle,L
אדיזירליס,a_dizirles,L
אדיזירסילו,a_dizirselo,L
אדיטה,a_dita,L
אדיטו,a_dito,L
אדיינטרו,adyentro,L
אדילאנטרי,adelantre,L
אדימאנדאר,a_demandar,L
אדימיניסטיר,ademenester,L
אדיספארטיר,a_despartir,L
אדיספירטאר,a_despertar,L
אדיקלארארליס,a_deklararles,L
אדם,Adam,H
אדרבא,adraba,H
אדרבה,adraba,H
אה,a,L
אהל,Oel,H
אהרן,Aaron,H
או,o,L
אואיאה,oia,L
אואיאן,oian,L
אואידו,oido,L
אואידוס,oidos,L
אואימוס,oimos,L
אואיר,oir,L
אואירלה,oirla,L
אואירלו,oirlo,
אואירמי,oirme,L
אוב'אס,uvas,L
אוב'ה,uva,L
אוב'ו,uvo,L
אוב'יג'אס,oveJas,L
אוב'יז'אס,ovejas,L
אוב'יירון,uvyeron,L
אוב'ליגאדה,ovligada,L
אוב'ליגאדו,ovligado,L
אוב'ליגאדוס,ovligados,L
אוב'ליגאן,ovligan,L
אוב'ליגארה,ovligara,L
אוב'ליגארון,ovligaron,L
אוב'ליגאש,ovligash,L
אוב'ליגו,ovligo,L
אוב'ליגי,ovlige,L
אוב'ליגיס,ovliges,L
אוג'אב'ה,ochava,L
אוג'ו,ocho,L
אוג'וס,oJos,L
אודרינארון,odrenaron,L
אודרינו,odreno,L
אוז'אס,ojas,L
אוז'ה,oja,L
אוז'ו,ojo,L
אוז'וס,ojos,L
אוזאב'אן,uzavan,L
אוזאדו,uzado,L
אוזאן,uzan,L
אוזאנסאס,uzansas,L
אוזאנסה,uzansa,L
אוזה,uza,L
אוזור,uzur,T
אוטראס,otras,L
אוטרה,otra,L
אוטרו,otro,L
אוטרוס,otros,L
אוי,oy,L
אויז'יטארלו,a_vijitarlo,L
אויי,oy,L
אוייאס,oyas,L
אוייגאמוס,oygamos,L
אוייגאן,oygan,L
אוייגה,oyga,L
אוייו,oyo,L
אויינדו,oyendo,
אויינדולו,oyendolo,L
אוייראן,oyiran,L
אויירון,oyeron,L
אויר,a_ver,L
אוירלה,a_verla,L
אולאס,olas,L
אולב'ידאדו,olvidado,L
אולב'ידאמוס,olvidamos,L
אולב'ידאר,olvidar,L
אולב'ידאראן,olvidaran,L
אולב'ידאראס,olvidaras,L
אולב'ידארה,olvidara,L
אולב'ידארון,olvidaron,L
אולב'ידאריש,olvidaresh,L
אולב'ידארלה,olvidarla,L
אולב'ידארמוס,olvidarmos,L
אולב'ידארסי,olvidarse,L
אולב'ידו,olvido,L
אולב'ידימוס,olvidemos,L
אולב'ידין,olviden,L
אולגאנסה,olgansa,L
אוליי,oye,L
אולייאן,oyian,L
אולייאס,oyas,L
אולייאש,oyiash,L
אוליידוס,oyidos,L
אולייו,oyo,L
אוליימוס,oyimos,L
אוליין,oyen,L
אוליינדו,oyendo,L
אוליינדולאס,oyendolas,L
אולייר,oyir,L
אולייראס,oyeras,L
אוליירון,oyeron,L
אולייש,oyesh,L
אומברו,ombro,L
אומברוס,ombros,L
אומברי,ombre,L
אומבריס,ombres,L
אומה,uma,H
אומות,umot,H
אומילדי,umilde,L
און,un,L
אונאס,unas,L
אונדי,onde,L
אונדידוס,undidos,L
אונדיירון,undyeron,L
אונדיר,undir,L
אונדירב'וס,undirvos,L
אונה,una,L
אונו,uno,L
אונוס,unos,L
אונזי,onze,L
אונזיגו,onzeno,L
אונזין,onzen,L
אונטו,unto,L
אוניסטה,onesta,L
אונס,ones,H
אונראדאס,onradas,L
אונראדו,onrado,L
אונראן,onran,L
אונראר,onrar,L
אונרה,onra,L
אופ'יסייו,ofisyo,L
אוראס,oras,L
אורה,ora,L
אורו,oro,L
אוריאה,oria,L
אוריג'אס,oreJas,L
אוריג'ה,oreJa,L
אוריז'אס,orejas,L
אוריז'ה,oreja,L
אוריקה,orika,L
אורנו,orno,L
אז,az,L
אז'ינאס,ajenas,L
אזי,aze,L
אזיאה,azia,L
אזיאמוס,aziamos,L
אזיאן,azian,L
אזיאס,azias,L
אזיאש,aziash,L
אזייטי,azeyte,L
אזייטיס,azeytes,L
אזיינדאס,azyendas,L
אזיינדה,azyenda,L
אזיינדו,azyendo,L
אזיינדולה,azyendola,L
אזיינדולי,azyendole,L
אזיינדומי,azyendome,L
אזימוס,azemos,L
אזין,azen,L
אזיס,azes,L
אזיר,azer,L
אזירלאס,azerlas,L
אזירלה,azerla,L
אזירלו,azerlo,L
אזירלוס,azerlos,L
אזירלי,azerle,L
אזירליס,azerles,L
אזירמי,azerme,L
אזירסי,azerse,L
אזיש,azesh,L
אזליס,azles,L
אזמי,azme,L
אזנו,azno,L
אחאב,Ahav,H
אחדות,ahdut,H
אחיא,Ahiya,H
אטאדאס,atada,L
אטאדה,atada,L
אטאדוס,atados,L
אטאנטו,a_tanto,L
אטאנייר,a_tanyer,L
אטאקסו,atakso,L
אטאר,atar,L
אטה,ata,L
אטו,ato,L
אטואינדוס,atuendos,L
אטודאס,a_todas,L
אטודה,a_toda,L
אטודו,a_todo,L
אטודוס,a_todos,L
אטומאר,a_tomar,L
אטומארלה,a_tomarla,L
אטומארלו,a_tomarlo,L
אטוס,a_tus,L
אטופאר,a_topar,L
אטופארלו,a_toparlo,L
אטורב'אראש,atorvarash,L
אטורגאר,atorgar,L
אטורגארה,atorgara,L
אטורגו,atorgo,L
אטורנארלוס,a_tornarlos,L
אטורסייו,atorsyo,L
אטי,a_ti,L
אטימאן,ateman,L
אטימאר,atemar,L
אטימאראן,atemaran,L
אטימארב'וס,atemarvos,L
אטימארה,atemara,L
אטימארון,atemaron,L
אטימארלוס,atemarlos,L
אטימה,atema,L
אטימו,atemo,L
אטיניר,a_tener,L
אטראב'אזאר,a_travajar,
אטראס,atras,L
אטרוקאר,a_trokar,L
אטריסטו,atristo,L
אי,i,L
איב'אמוס,ivamos,L
איב'אן,ivan,L
איב'אש,ivash,L
איב'ה,iva,L
איג'אב'אן,echavan,L
איג'אב'ה,echava,L
איג'אדה,echada,L
איג'אדו,echado,L
איג'אדוס,echados,L
איג'אמוס,echamos,L
איג'אן,echan,L
איג'אנדו,echando,L
איג'אס,echas,L
איג'אר,echar,L
איג'אראן,echaran,L
איג'אראס,echaras,L
איג'ארה,echara,L
איג'ארון,echaron,L
איג'ארסי,echarse,L
איג'ארסין,echarsen,L
איג'ה,echa,L
איג'ו,echo,L
איג'וס,echos,L
איגואל,igual,L
איגואלה,iguala,L
אידולו,idolo,L
איז'אס,ijas,L
איז'ה,ija,L
איז'ו,ijo,L
איז'וס,ijos,L
איז'יקוס,ijikos,L
איזביב'לאר,ezbivlar,L
איזבל,Izevel,H
איזו,izo,L
איזי,ize,L
איזייראן,izyeran,L
איזייראס,izyeras,L
איזייראש,izyerash,L
איזיירה,izyera,L
איזיירון,izyeron,L
איזיירי,izyere,L
איזימוס,izimos,L
איזיסטיס,izistes,L
איזיסטיש,iziztesh,L
איזלה,izla,
איי,ay,L
אייאמאר,a_yamar,L
אייארון,ayaron,L
אייגאראן,ayegaran,L
אייגארון,ayegaron,L
אייגה,ayga,L
אייוראר,a_yorar,L
אייר,iyar,H
איירי,ayre,L
אייריס,ayres,L
איל,el,L
אילאס,i_las,L
אילה,i_la,L
אילו,i_lo,L
אילוס,i_los,L
אילי,i_le,L
אילייא,eya,L
אילייאס,eyas,L
אילייו,eyo,L
אילייוס,eyos,L
אילייס,eyos,L
אילייר,oyir,L
איליס,i_les,L
אין,en,L
אינאיל,en_el,L
אינאלטו,enalto,L
אינאלטיסי,enaltese,L
אינאלטיסידוס,enaltesidos,L
אינב'יז'יסיירה,envejesyera,L
אינב'יז'יסין,envejesen,L
אינב'יז'יסקאן,envejeskan,L
אינב'יירנו,invyerno,L
אינב'ילונטאדה,enveluntada,L
אינב'ילונטה,envelunta,L
אינב'ילונטו,envelunto,L
אינב'ינטה,inventa,L
אינב'יסטי,enviste,L
אינב'יסייארסי,envisyarse,L
אינב'יסייארסין,envisyarsen,
אינב'ישיסקאן,envesheskan,L
אינבאטאקאדו,enbatakado,T
אינבאטאקאדוס,enbatakados,T
אינבאראסאב'ה,enbarasava,L
אינבאראסאר,enbarasar,L
אינבאראסה,enbarasa,L
אינבאשו,enbasho,L
אינבואילטוס,enbueltos,L
אינבולב'ה,enbolva,L
אינבולב'יירון,enbolvyeron,L
אינבולב'ירסי,enbolverse,L
אינבוראג'אן,enborrachan,L
אינבוראג'ארון,enborracharon,L
אינבוראג'ארסי,enborracharse,L
אינבוראג'י,enborrache,L
אינביאב'ה,enbiava,L
אינביאה,enbia,L
אינביאו,enbio,L
אינביאי,enbie,L
אינביאימוס,enbiemos,L
אינביאין,enbian,L
אינביאליס,enbiales,L
אינביאסטיס,enbiastes,L
אינביארה,enbiara,L
אינביארון,enbiaron,L
אינביארי,enbio,L
אינביזאדאס,enbezadas,L
אינביזאדוס,enbezados,L
אינביזאנדו,enbezando,L
אינביזאסטיס,enbezastes,L
אינביזאר,enbezar,
אינביזארב'וס,enbezarvos,L
אינביזארון,enbezaron,L
אינביזארליס,enbezarles,L
אינביזארמוס,anbezarmos,L
אינבלאנקיסיאן,enblankesian,L
אינבלאנקיסין,enblankesen,L
אינבלאנקיסירלה,enblankeserla,L
אינג'ו,incho,L
אינג'ורייא,indjuryas,L
אינג'י,inche,L
אינג'יאה,inchio,L
אינג'יליקאדה,endjelikada,L
אינג'יליקאדוס,endjelikados,L
אינג'ינייאדור,indjenyador,L
אינגאנייאדוס,enganyados,L
אינגאנייאן,enganyan,L
אינגאנייו,enganyo,L
אינגודראר,engodrar,L
אינגודראראס,engodraras,L
אינגודרארסי,engodrarse,L
אינגודרה,engodra,L
אינגודרו,engodro,L
אינגלוטי,englute,L
אינגלוטיאה,englutia,L
אינגלוטייו,englutyo,L
אינגראנדיסייו,engrandesyo,L
אינגראנדיסיירון,engrandesyeron,L
אינגראנדיסקה,engrandeska,L
אינדו,indo,L
אינדוטי,indote,L
אינדוסי,indose,L
אינדיג'ארון,endecharon,L
אינדילאנטרי,endelantre,L
אינו,i_no,L
אינטו,en_tu,L
אינטידיאן,entendian,L
אינטיינדו,entyendo,L
אינטיינדי,entyende,L
אינטיינדין,entyenden,L
אינטיינדיס,entyendes,L
אינטינדאמוס,entendamos,L
אינטינדאש,entendash,L
אינטינדי,entendi,L
אינטינדיאה,entendia,L
אינטינדיאן,entendian,L
אינטינדידה,entendida,L
אינטינדידוס,entendidos,L
אינטינדייו,entendyo,L
אינטינדיינדו,entendyendo,L
אינטינדיינדולו,entendyendolo,L
אינטינדיינדי,entendyendo,L
אינטינדייראן,entendyeran,L
אינטינדיירה,entendyera,L
אינטינדיירון,entendyeron,L
אינטינדיר,entender,L
אינטינדיש,entendesh,L
אינטיראן,enterran,L
אינטיראנדוסי,enterrandose,L
אינטיראר,enterrar,L
אינטירארון,enterraron,L
אינטירארלו,enterrarlo,L
אינטירה,entera,L
אינטירו,entero,L
אינטירי,enterre,L
אינטראב'אמוס,entravamos,L
אינטראב'ה,entrava,L
אינטראדה,entrada,L
אינטראדו,entrado,L
אינטראן,entran,L
אינטראנדו,entrando,L
אינטראר,entrar,L
אינטראראן,entraran,L
אינטרארב'וס,entrarvos,L
אינטרארה,entrara,L
אינטרארון,entraron,L
אינטרארלוס,entrarlos,L
אינטרארסין,entrarsen,L
אינטרה,entra,L
אינטרו,entro,L
אינטרומפיסי,entrompese,L
אינטרונפיסימוס,entronpesemos,L
אינטרופיסאנדו,entropesando,L
אינטרי,entre,L
אינטריגאב'ה,entregava,L
אינטריגאטי,entregate,L
אינטריגאמולו,entregamolo,L
אינטריגאן,entregan,L
אינטריגאראן,entregaron,L
אינטריגארב'ולו,entregarvolo,L
אינטריגה,entrega,L
אינטריגו,entrego,L
אינטריגי,entrege,L
אינטרימיטאס,entremetas,L
אינטרימיטידו,entremetido,L
אינטרימיטייראן,entremetyeran,L
אינטרימיטירסי,entremeterse,L
אינטרינסאב'אש,entrensavash,L
איניל,en_el,L
אינילייא,en_eya,L
אינילייאס,en_eyas,L
אינילייוס,en_eyos,L
אינימיגו,enemigo,L
אינימיגוס,enemigos,L
אינימיסטאד,enemistad,L
אינלאס,en_las,L
אינלה,en_la,L
אינלוס,en_los,L
אינמידייו,enmedyo,L
אינמינטאב'ה,enmentava,L
אינמינטאנדו,enmentando,L
אינמינטאר,enmentar,L
אינמינטאראן,enmentaran,L
אינמינטארה,enmentara,L
אינמינטארלו,enmentarlo,L
אינמינטארליס,enmentarles,L
אינמינטה,enmenta,L
אינמינטו,enmento,L
אינמינטי,enmente,L
אינמינטימוס,enmentimos,L
אינסו,en_su,L
אינסוס,en_sus,L
אינסופיטו,ensupito,L
אינסימה,ensima,L
אינסינדייו,ensendyo,L
אינסינדיירון,ensendyeron,L
אינסינדיר,ensender,L
אינסינייוריאס,ensenyoreas,L
אינסינייוריאר,ensenyorear,L
אינסיראדאס,enserradas,L
אינסיראדו,enserrado,L
אינסיראדוס,enserradas,L
אינפ'אסטייארון,enfastyaron,L
אינפ'אסטייארסי,enfastyarse,L
אינפ'ורקאר,enforkar,L
אינפ'ורקארלו,enforkarlo,L
אינפ'יאוזייו,enfiuzyo,L
אינפ'יגוזייאסטיס,enfiguzyastes,L
אינפ'רינטי,enfrente,L
אינפורטה,inporta,L
אינפושאנדו,enpushando,L
אינפיסאב'אן,enpesavan,L
אינפיסאן,enpesan,L
אינפיסאסטיש,enpesastesh,L
אינפיסאר,enpesar,L
אינפיסאראמוס,enpesaramos,L
אינפיסאראן,enpesaran,L
אינפיסאראס,enpesaras,L
אינפיסארה,enpesara,L
אינפיסארון,enpesaron,L
אינפיסאש,enpesash,L
אינפיסה,enpesa,L
אינפיסו,enpeso,L
אינפיסי,enpese,L
אינפירו,enpero,L
אינפיריזו,enperezo,
אינפיריזי,enpereze,L
אינפלאסטוס,enplastos,L
אינפליארלה,enplearla,L
אינפרוב'יסיירון,enprovesyeron,L
"אינפרוב""יסיירון",enprovesyeron,L
אינפריזינטאב'ה,enprezentava,L
אינפריזינטאר,enprezentar,L
אינפריזינטארה,enprezentara,L
אינפריזינטה,enprezenta,L
אינפריזינטו,enprezento,L
אינפריזינטי,enprezente,L
אינפריטיסייו,enpretesyo,L
אינפרימירו,enprimero,L
אינפריסטארלוס,enprestarlos,L
אינקאנייא,enkanya,L
אינקאנייאר,enkanyar,L
אינקאסטיאדוס,enkastiados,L
אינקאסטילייאדאס,enkastiyadas,L
אינקאסטילייאדוראס,enkastiyaduras,L
אינקאשו,enkasho,L
אינקוב'יירטו,enkuvyerto,L
אינקוב'רייו,enkuvriyo,L
אינקולגאדאס,enkolgadas,L
אינקומינדאב'ה,enkomendava,L
אינקומינדאדו,enkomendado,L
אינקומינדאר,enkomendar,L
אינקומינדארה,enkomendara,L
אינקומינדארון,enkomendaron,L
אינקומינדה,enkomenda,L
אינקומינדו,enkomedo,L
אינקומינדי,enkomende,L
אינקונאדה,enkonada,L
אינקונאדו,enkonado,L
אינקונאדוס,enkonados,L
אינקונאן,enkonan,L
אינקונאנדו,enkonado,L
אינקונארון,enkonaron,L
אינקונה,enkona,L
אינקונו,enkono,L
אינקונטרה,enkontra,L
אינקונטרו,enkontro,L
אינקורב'אב'אן,enkorvavan,L
אינקורב'אסטיש,enkorvastesh,L
אינקורב'ארון,enkorvaron,L
אינקורב'ה,enkorva,
אינקורונו,enkorono,L
אינקלאב'אדו,enklavado,L
אינראמאדאס,enramadas,L
אינראמאדו,enramado,L
אינראמאדוס,enramados,L
אינריינאר,enreynar,L
אינריקיסייו,enrikesyo,L
אינריקיסיסטיס,enrikestistes,L
אינריקיסירה,enrikesera,L
אינריקיסירי,enrikesere,L
אינשאלשי,enshalshe,L
אינשוגאר,enshugar,L
אינשוגה,enshuga,L
אינשימפלאדוס,enshemplados,L
אינשימפלארון,enshemplaron,L
אינשימפלארלוס,enshemplarlos,L
אינשימפלו,enshemplo,L
אינשיפלו,ensheplo,L
איס,es,L
איסאס,estas,L
איסגואיגרו,esguegro,L
איסו,i_su,L
איסור,isur,H
איסחואיגרו,eshuegro,L
איסטאב'אמוס,estavamos,L
איסטאב'אן,estavan,L
איסטאב'אס,estavas,L
איסטאב'אש,estavash,L
איסטאב'ה,estava,L
איסטאב'וס,estavos,L
איסטאדה,estada,L
איסטאטי,estate,L
איסטאמוס,estamos,L
איסטאן,estan,L
איסטאנדו,estando,L
איסטאנפאר,espantar,L
איסטאס,estas,L
איסטאר,estar,L
איסטאראן,estaran,L
איסטאראס,estaras,L
איסטאש,estash,L
איסטה,esta,L
איסטו,esto,L
איסטוב'ו,estuvo,L
איסטוב'י,estuve,L
איסטוב'ייראמוס,estuvyeramos,L
איסטוב'ייראן,estuvyeran,L
איסטוב'ייראש,estuvyerash,L
איסטוב'יירה,estuvyera,L
איסטוב'יירון,estuvyeron,L
איסטוב'יסטיס,estuvistes,L
איסטוב'יסטיש,estuvistesh,L
איסטונסיס,estonses,L
איסטוס,estos,L
איסטי,este,L
איסטימאדאס,estimadas,L
איסטימאדה,estimada,L
איסטימאדו,estimado,L
איסטימאדוס,estimados,L
איסטימה,estima,L
איסטימוס,estemos,L
איסטין,esten,L
איסטיס,estes,L
איסטריג'ו,estrecho,L
איסטריג'וס,estrechos,L
איסטרילייא,estreya,L
איסטרילייאס,estreyas,L
איסטרימיסי,estremesi,L
איסטרימיסיירון,estremesyeron,L
איסטרימיסין,estremesen,L
איסטרינאר,estrenar,L
איסי,i_si,L
איסיידרה,isyerda,L
איספאנדי,espandi,L
איספאנדידאס,espandidas,L
איספאנדייו,espandyo,L
איספאנדיר,espander,L
איספאנטאב'אן,espantavan,L
איספאנטאב'אש,espantavash,L
איספאנטאב'ה,espantava,L
איספאנטאמוס,espantamos,L
איספאנטאן,espantan,L
איספאנטאנדוב'וס,espantandovos,L
איספאנטאנדוסי,espantandose,L
איספאנטאנטי,espantante,L
איספאנטארה,espantara,L
איספאנטארון,espantaron,L
איספאנטארסין,espantarsen,L
איספאנטה,espanta,L
איספאנטו,espanto,L
איספאנטי,espante,L
איספאנטיס,espantes,L
איספאסייוזו,espasyozo,
איספארזי,esparze,L
איספארטי,esparte,L
איספארטיינדוסי,espartyendose,L
איספארטירסי,espartirse,L
איספונג'אס,espondjas,L
איספידי,espide,L
איספינוס,espinos,L
איספיסייאס,espesyas,L
איספיסיירו,espesyero,L
איספיראב'ה,esperava,L
איספיראנדו,esperando,L
איספירארי,esperare,L
איספירו,espero,L
איספריטוס,espritos,L
איסקאטימה,eskatima,L
איסקאטימו,eskatimo,L
איסקאטימי,eskatime,L
איסקאפא,eskapa,L
איסקאפאב'ה,eskapava,L
איסקאפאמיינטו,eskapamyento,L
איסקאפאן,eskapan,L
איסקאפאר,eskapar,L
איסקאפארון,eskaparon,L
איסקאפארי,eskapara,L
איסקאפארלו,eskaparlo,L
איסקאפארלוס,eskaparlos,L
איסקאפה,eskapa,L
איסקאפו,eskapo,L
איסקאפי,eskape,L
איסקאפימוס,eskapemos,L
איסקואינטרה,eskuentra,L
איסקוג'יר,eskoJer,L
איסקוג'ירה,eskoJera,L
איסקודו,eskudo,L
איסקוז'י,eskoje,L
איסקוז'ינדו,ekojendo,L
איסקוז'יר,eskojer,L
איסקוז'יראן,eskojeran,L
איסקוז'ירה,eskojera,L
איסקולאן,eskolan,L
איסקולקאס,eskulkas,L
איסקולקאר,eskulkar,L
איסקולקארה,eskulkara,L
איסקוראס,eskuras,L
איסקורו,eskuro,L
איסקורידאד,eskuridad,L
איסקוריסי,eskurese,L
איסקוריסיירון,eskuresyeron,L
איסקוריסין,eskuresen,L
איסקוריסקאן,eskureskan,L
איסקלאב'ו,esklavo,L
איסקלאב'וס,esklavos,L
איסקלאב'ידאד,esklavidad,L
איסקלאב'ידאר,esklavidad,L
איסקלאמאר,esklamar,L
איסקלאמארון,esklamaron,L
איסקלאמה,esklama,L
איסקלאריסי,esklarese,L
איסקרוז'ין,eskrujen,L
איסקרוז'יראן,eskrujeran,L
איסקריב'אן,eskrivan,L
איסקריב'י,eskrive,L
איסקריב'יטיס,eskrivites,L
איסקריב'ייו,eskrivyo,L
איסקריב'יינדו,eskrivyendo,L
איסקריב'ייראן,eskrivyeran,L
איסקריב'יירה,eskrivyera,L
איסקריב'יר,eskrivir,L
איסקריב'ירימוס,eskrivirmos,L
איסקריב'ירלה,eskrivirla,L
איסקריב'ירלו,eskrivirlo,L
איסקריב'ירליס,eskrivirles,L
איסקריטו,eskrito,L
איסקריטוס,eskritos,L
איקסיידרה,eksyedra,L
איר,ir,L
איראן,eran,L
איראס,eras,L
איראש,erash,L
אירה,era,L
אירי,ire,L
איריאה,eria,L
אירידאב'אס,eredavas,L
אירידאד,eredad,L
אירידאלדה,eredalda,L
אירידאמוס,eredamos,L
אירידאר,eredar,L
אירידאראן,eredaran,L
אירידארון,eredaron,L
אירידאש,eredash,L
אירידה,erida,L
אירידימוס,eredemos,L
אירידיש,eredesh,L
אירייו,iryo,L
איריירון,iryeron,L
אירימוס,iremos,L
איריס,eres,L
איריר,erir,L
איריש,iresh,L
אירמאנה,ermana,L
אירמאנו,ermano,L
אירמוזאס,ermozas,L
אירמוזה,ermoza,L
אירמוזו,ermozo,L
אירמוזורה,ermozura,L
אירמולייוס,ermoyos,L
אירמיזורה,ermozura,L
אירסי,irse,L
אירסין,irsen,L
איתמר,Itamar,H
אל,al,L
אלאב'אדה,alavada,L
אלאב'אדו,alavado,L
אלאב'אסייוניס,alavasyones,
אלאב'אר,alavar,L
אלאב'דה,alavada,L
אלאב'ו,alavo,L
אלאב'י,alave,L
אלאדו,alado,L
אלאנסיאב'אן,alansiavan,L
אלאס,a_las,L
אלאקראניס,alakranes,L
אלארגאר,alargar,L
אלארגארה,alargara,L
אלארגאריש,alargaresh,L
אלארגארסי,alargarse,L
אלארגה,alarga,L
אלארגיס,alarges,L
אלגוז'ה,alguja,L
אלגון,algun,L
אלגונאס,algunas,L
אלגונה,alguna,L
אלגונו,alguno,L
אלגונוס,algunos,L
אלה,a_la,L
אלהות,Elout,H
אלו,a_lo,L
אלומבראן,alumbran,L
אלומבראר,alumbrar,L
אלומברה,alumbra,L
אלומברו,alumbro,L
אלומברי,alumbre,L
אלוס,a_los,L
אלחאד,alhad,L
אלטה,alta,L
אלטוס,altos,L
אלטורה,altura,L
אליב'אבטי,alevante,L
אליב'אנטאב'ה,alevantava,L
אליב'אנטאסטיש,alevantastesh,L
אליב'אנטאר,alevantar,L
אליב'אנטאראן,alevantaran,L
אליב'אנטארה,alevantara,L
אליב'אנטארון,alevantaron,L
אליב'אנטארסין,alevantarsen,L
אליב'אנטאש,alevantash,L
אליב'אנטה,alevanta,L
אליב'אנטו,alevanto,L
אליב'אנטי,alevante,L
אליב'אנטימוס,alevantemos,L
אליב'ייאנאר,alivyanar,L
אליב'ייאנה,alivyana,L
אליב'ייאני,alivyane,L
אליגראמוס,alegramos,L
אליגראן,alegran,L
אליגרארלוס,alegrarlos,L
אליגרארסי,alegrarse,L
אליגרה,alegra,L
אליגרי,alegre,L
אליגריאה,alegria,L
אליהו,Eliyau,H
אליי,ayi,L
אלייאסטיס,ayastes,L
אלייגאב'ה,ayegava,L
אלייגאדו,ayegado,L
אלייגאן,ayegan,L
אלייגאנדו,ayegando,L
אלייגאר,ayegar,L
אלייגאראן,ayegaran,L
אלייגארה,ayegara,L
אלייגארון,ayegaron,L
אלייגארלו,ayegarlo,L
אלייגארסי,ayegarse,L
אלייגה,ayega,L
אלייגו,ayego,L
אלייגימוס,ayegemos,L
אלייו,ayo,L
אלייודאב'ה,ayudava,L
אלייודאן,ayudan,L
אלייודאנדו,ayudando,L
אלייודה,ayuda,L
אלייוס,eyos,L
אלייוראר,a_yorar,L
אלימאנייאס,alimanyas,L
אלימונייא,alimunya,L
אלימפיי,alimpye,L
אלימפייאן,alimpyan,L
אלינפ'ורטיסיין,alenfortesyen,L
אליעזר,Eliezer,H
אליצור,Elitsur,H
אלישאב'אן,aleshavan,L
אלישאב'אס,aleshavas,L
אלישאב'אש,aleshavash,L
אלישאסטיש,aleshastesh,L
אלישאר,aleshar,L
אלישאראן,alesharan,L
אלישאראש,alesharash,L
אלישארלו,alesharlo,L
אלישארסי,alesharse,L
אלישה,alesha,L
אלישי,aleshe,L
אלישין,aleshen,L
אלישע,Elisha,H
אלמאס,almas,L
אלמה,alma,L
אלמודו,al_modo,L
אלמיסקלי,almiskle,L
אלמיסקליס,almiskles,L
אלעזר,Elazar,H
אלקאב'ו,alkavo,L
אלקאנסאסטיס,alkansastes,L
אלקאנסאסטיש,alkansastesh,L
אלקאנסאסטישאלקאנסאבטיס,alkansastesh,L
אלקאנסאר,alkansar,L
אלקאנסארון,alkansaron,L
אלקאנסה,alkansa,L
אלקאנסו,alkanso,L
אלקאנסימוס,alkansimos,L
אמא,ama,L
אמאחו,amaho,L
אמאטאר,a_matar,L
אמאטארמוס,a_matarmos,L
אמאן,aman,L
אמאנדאר,a_mandar,L
אמאנו,a_mano,L
אמאניסי,,L
אמאניסירה,amanesera,L
אמאסאר,amasar,L
אמאסארלו,amasarlo,L
אמאר,amar,L
אמברי,ambre,L
אמה,ama,L
אמו,amo,L
אמוג'ידומברי,a_muchedumbre,L
אמוז'יר,a_mujer,L
אמוזוטרוס,a_mozotros,L
אמוס,amos,L
אמוסטראב'אן,amostravan,L
אמוסטראן,amostran,L
אמוסטראר,amostrar,L
אמוסטרארון,amostraron,L
אמוסטרארי,amostrare,L
אמוסטרה,amostra,L
אמוסטרו,amostro,L
אמוסטרי,amostre,L
אמופ'ינאדוס,amofinados,L
אמופ'ינארסי,amofinarse,L
אמור,amor,L
אמורי,Emori,H
אמורים,emorim,H
אמוריר,a_murir,L
אמי,a_mi,L
אמיגו,amigo,L
אמיגוס,amigos,L
אמיטיר,a_meter,L
אמיטירלוס,a_meterlos,L
אמילדאר,a_meldar,L
אמיס,a_mis,L
אמיסטאד,amistad,L
אמיסטאר,amistad,L
אמיראר,a_mirar,L
אמרפל,Amrafel,H
אנאדאר,a_nadar,L
אנאשאב'ה,abashava,L
אנביזאדאס,anbezadas,L
אנביזאדוס,anbezados,L
אנביזאנדוב'וס,anbezandovos,L
אנביזאנדוליס,anbezandoles,L
אנביזאסטיס,anbezaztes,L
אנביזאר,anbezar,L
אנביזארב'וס,anbezarvos,L
אנביזארה,anbezara,L
אנביזארון,anbezaron,L
אנביזארי,anbezare,L
אנביזארלה,anbezarla,L
אנביזארסי,anbezarse,L
אנביזארסילה,anbezarsela,L
אנביזה,anbeza,L
אנביזי,anbeze,L
אנביזיש,anbezesh,L
אנג'אס,anchas,L
אנגוסטייא,angustya,L
אנדאנדו,andando,L
אנדאראס,andaras,L
אנדה,anda,L
אנדי,ande,L
אנו,a_no,L
אנוג'אנדו,anoJando,L
אנוג'אר,anoJar,L
אנוג'ארלוס,anoJarlos,L
אנוג'י,anoche,L
אנוז'אנדו,anojando,L
אנוז'אר,anojar,L
אנוז'ארלוס,anojarlos,L
אנטיס,antes,L
אנטיפרס,Antipras,H
אנייו,anyo,L
אנייוס,anyos,L
אנימו,animo,L
אנינקורב'אב'אן,enkorvavan,L
אנכיזה,anbeza,L
אנסי,ansi,L
אס,as,L
אס',as',L
אסאב'ינטאר,asaventar,L
אסאב'יר,a_saver,L
אסאלטאר,a_saltar,L
אסאליר,a_salir,L
אסו,a_su,L
אסוס,a_sus,L
אסופ'ריטי,asofrete,L
אסופ'ריר,asofrir,L
אסור,asur,H
אסטה,asta,L
אסי,a_si,L
אסיגון,asegun,L
אסיגונדיאה,asegundia,L
אסיטינסייא,asetensya,L
אסיטינסייאן,asetensyan,L
אסיטינסייארון,asetensyaron,L
אסיטינסייו,asetensyo,L
אסילאר,a_selar,L
אסימיג'אס,asemeJas,L
אסימיג'אר,asemeJar,L
אסימיג'ה,asemeJa,L
אסימיז'אב'ה,asemejava,L
אסימיז'אדוס,asemejados,L
אסימיז'אן,asemejan,L
אסימיז'אנסה,asemejansa,L
אסימיז'אס,asemejas,L
אסימיז'אסטיש,asemejastesh,L
אסימיז'אר,asemejar,L
אסימיז'ארון,asemejaron,L
אסימיז'ארלוס,asemejarlos,L
אסימיז'אש,asemejash,L
אסימיז'ה,asemeja,L
אסימיז'ו,asemejo,L
אסימיז'י,asemeje,L
אסימיזארון,asemejaron,
אסינטאב'אמוס,asentavamos,L
אסינטאב'אן,asentavan,L
אסינטאב'ה,asentava,L
אסינטאדו,asentado,L
אסינטאדוס,asentados,L
אסינטאן,asentar,L
אסינטאר,asentar,L
אסינטארון,asentaron,L
אסינטארמי,asentarme,L
אסינטארסי,asentarse,L
אסינטה,asenta,L
אסינטין,asenten,L
אסינטיסייאדו,asentesyado,L
אסינטיסייארון,asentesyaron,L
אסינטיסייו,asentesyo,L
אסינטיר,a_sintir,L
אסיר,a_ser,L
אספיראנדו,asperando,L
אספיראסטיש,asperastesh,L
אספירו,aspero,L
אספירי,aspere,L
אספרו,aspro,L
אספרוס,aspros,L
אסקולקארה,eskulkara,L
אפ'אלאגאלוס,afalagalos,L
אפ'אלאגאר,afalagar,L
אפ'אלאגארב'וס,afalagarvos,L
אפ'אלאגין,afalagen,L
אפ'ואירה,afuera,L
אפ'ואירטי,afuerte,L
אפ'ורמוזיגואר,aformoziguar,L
אפ'ורמוזיגוארב'וס,aformoziguarvos,L
אפ'ורמוזיגוארלה,aformoziguarla,L
אפ'יאנסאדוס,afiansados,L
אפ'ייטאב'אן,afeytavan,L
אפ'ייטאב'אש,afeytavash,L
אפ'ייטארון,afeytaron,L
אפ'ייטיס,afeytes,L
אפ'ינאן,afinan,L
אפ'ירארסי,aferrarsen,L
אפ'ירארסין,aferrarsen,L
אפ'ירמאב'ה,afirmava,L
אפ'ירמאמוס,afirmamos,L
אפ'ירמאן,afirman,L
אפ'ירמאנדו,afirmando,L
אפ'ירמאנדולה,afirmandola,L
אפ'ירמאנדוסין,afirmandosen,L
אפ'ירמאר,afirmar,L
אפ'ירמאראן,afirmaran,L
אפ'ירמארה,afirmara,L
אפ'ירמארון,afirman,L
אפ'ירמארלאס,afirmarlas,L
אפ'ירמארלה,afirmarla,L
אפ'ירמה,afirma,L
אפ'ירמו,afirmo,L
אפ'ירמימוס,afirmemos,L
אפ'ירמין,afirmen,L
אפ'ירמיש,afirmesh,L
אפ'לאקארה,aflakara,L
אפ'לאקארמי,aflakarme,L
אפ'לאקה,aflaka,L
אפ'לאקו,aflako,L
אפ'לאקי,aflake,L
אפ'לושארון,aflosharon,L
אפ'ריאיסייון,afriisyon,L
אפאגאר,a_pagar,L
אפאנייאלוס,apanyalos,L
אפאנייאר,apanyar,L
אפאנייארלוס,apanyarlos,L
אפאנייו,apanyo,L
אפאסאר,a_pasar,L
אפאראר,a_parar,L
אפארטאב'ה,apartava,L
אפארטאדו,apartado,L
אפארטאדוס,apartados,L
אפארטאן,apartan,L
אפארטארון,apartaron,L
אפארטארסי,apartarse,L
אפארטה,aparta,L
אפארטו,aparto,L
אפארטי,aparte,L
אפארטידה,apartida,L
אפארטין,aparten,L
אפארטירסי,a_partirse,L
אפאריג'אדה,apareJada,L
אפאריג'אר,aparedjar,L
אפאריג'ארה,apareJara,L
אפאריג'ו,apareJo,L
אפאריג'י,apareJe,L
אפאריז'אדה,aparejada,L
אפאריז'אדו,aparejado,L
אפאריז'אדוס,aparejidos,L
אפאריז'אלדי,aparejalde,L
אפאריז'אן,aparejan,L
אפאריז'אסטיס,aparejastes,L
אפאריז'אר,aparejar,L
אפאריז'ארה,aparejara,L
אפאריז'ארון,aparejaron,L
אפאריז'ארליס,aparejarles,L
אפאריז'ה,apareja,L
אפאריז'ו,aparejo,L
אפאריז'י,apareje,L
אפאריז'יש,aparejesh,L
אפאריסי,aparese,L
אפאריסייו,aparesyo,L
אפארפאב'ה,apartava,L
אפודיסטאר,a_podestar,L
אפודיר,a_poder,L
אפוזינטו,apozento,L
אפוטרופוס,apotropus,H
אפונטאר,apuntar,L
אפונטו,apunto,L
אפוקו,a_poko,L
אפיאדאן,apiadan,L
אפיאדה,apiada,L
אפיאדו,apiado,L
אפיאדי,apiade,L
אפיגאדו,apegado,L
אפיגאדוס,apegados,L
אפיגאראש,apegarash,L
אפיגה,apega,L
אפידרונאר,a_pedronar,L
אפידריאר,apedrear,L
אפידריארמוס,apedrearmos,L
אפידריארמי,apedrearme,L
אפיזגה,apezga,L
אפיטיטאב'ה,apetitava,L
אפיטיטיס,apetites,L
אפיטיטיקוס,apetitikos,L
אפייטארון,afeytaron,L
אפילו,afilu,H
אפיליאר,a_pelear,L
אפינאדה,apenada,L
אפינאן,apenan,L
אפינארה,apenara,L
אפינארון,apenaron,L
אפינה,apena,L
אפינו,apeno,L
אפיני,apene,L
אפיניס,apenes,L
אפינסאר,a_pensar,L
אפיקאר,a_pekar,L
אפלושארון,aflosharon,L
אפליקו,apliko,L
אפרוב'יג'אר,aprovechar,L
אפרוב'יג'ארון,apregonaron,L
אפרוב'יג'ארלו,aprovecharlo,L
אפרוב'יג'ארסי,aprovecharse,L
אפרוב'יג'ארסין,aprovecharsen,L
אפרוב'יג'ה,aprovecha,L
אפרוב'יג'ו,aprovecho,L
אפרוב'יג'י,aproveche,L
אפרומיטי,apromete,L
אפרומיטייו,aprometyo,L
אפרונטו,,L
אפרופוסיטו,a_proposito,L
אפרופייאדה,apropyada,L
אפרופייאדו,apropyado,L
אפרופייאדוס,apropyados,L
אפריגונאנדו,apregonando,L
אפריגונה,apregona,L
אפריגונטאר,a_preguntar,L
אפריגוני,apregone,L
אפריטאב'אן,apretavan,L
אפריטאדה,apretada,L
אפריטאדוס,apretados,L
אפריטו,apreto,L
אפריסוראנדוב'וס,apresurandovos,L
אפריסוראר,apresurar,L
אקאב'אנדו,akavando,L
אקאב'ארה,akavara,L
אקאב'ארון,akavaron,L
אקאב'ה,akava,L
אקאב'ו,akavo,L
אקאב'ידאב'ה,akavidado,L
אקאב'ידאדו,akavidado,L
אקאב'ידאמיינטו,akavidamyento,L
אקאב'ידאמיינטוס,akavidamyentos,L
אקאב'ידאן,akavidan,L
אקאב'ידאנדו,akavidando,L
אקאב'ידאר,akavidar,L
אקאב'ידארה,akavidara,L
אקאב'ידארון,akavidaron,L
אקאב'ידארי,akavidare,L
אקאב'ידארלו,akavidarlo,L
אקאב'ידארלוס,akavidarlos,L
אקאב'ידארסי,akavidarse,L
אקאב'ידה,akavida,L
אקאב'ידו,akavido,L
אקאב'ידי,akavide,L
אקאב'ידין,akaviden,L
אקאבי'דאדו,akavidado,L
אקאדה,a_kada,L
אקאזאר,a_kazar,L
אקאמינאר,a_kaminar,L
אקאמינו,a_kamino,L
אקאנטאר,a_kantar,
אקאסטיגאר,a_kastigar,L
אקאסטיגארלו,a_kastigarlo,L
אקאסטיגארלוס,a_kastigarlos,L
אקואינטה,a_kuenta,L
אקואנדו,a_kuando,L
אקוג'ו,akoJo,L
אקודראב'וס,akodravos,L
אקודראטי,akodrate,L
אקודראמוס,akodramos,L
אקודרה,akodra,L
אקודרי,akodre,L
אקוז'גאן,akojgan,L
אקוז'ו,akojo,L
אקוז'יאה,akojian,L
אקוז'ידוס,akojidos,L
אקוז'ין,akojen,L
אקוז'יר,akojer,L
אקוז'יראן,akojeran,L
אקוז'ירון,akojeron,L
אקוז'ירלו,akojerlo,L
אקומיטה,akometa,L
אקומיטי,akomete,L
אקומיטייו,akometyo,L
אקומיר,a_komer,L
אקומפאנייארמי,akompanyarme,L
אקונאנטה,akonanta,L
אקונאנטו,akonanto,L
אקונאנטי,akonante,L
אקונוסיר,a_konoser,L
אקונטאר,a_kontar,L
אקונטארסין,a_kontarsen,L
אקונטיסי,akontese,L
אקונטיסיאה,akontesia,L
אקונטיסייו,akontesyo,L
אקונטיסיירון,akontesyeron,L
אקונטיסימיינטו,akontesimyento,L
אקונסיג'אב'ה,akonseJava,L
אקונסיז'אב'ה,akonsejava,L
אקונסיז'אנדו,akonsejando,L
אקונסיז'ארון,akonsejaron,
אקונסיז'ארמוס,akonsejarmos,L
אקונסיז'י,akonseje,L
אקונסיז'יש,akonsejesh,L
אקונפאנייאן,akonpanyan,L
אקונפאנייארמי,akonpanyarme,L
אקוסטאר,akostar,L
אקוסטה,akosta,L
אקורוטו,akorruto,L
אקורטאב'ה,akurtava,L
אקורידוס,akorridos,L
אקורניאן,akornean,L
אקורניאר,akornear,L
אקי,aki,L
אקיאה,akea,L
אקיאו,akeo,L
אקיאוס,akeos,L
אקיאס,akeas,L
אקיטאר,a_kitar,L
אקיל,akel,L
אקילייא,akayea,L
אקילייאס,akeyas,L
אקילייו,akeyo,L
אקילייוס,akeyos,L
אקינו,a_ke_no,L
אקירינסייאדוס,akerensyados,L
אקירינסייו,akerensyo,L
אקלאראנדו,aklarando,L
אקלארארלו,aklararlo,L
אקלארה,aklara,L
אקלארו,aklaro,L
אקלארי,aklare,L
אראב'דונאר,arravdonar,L
אראב'יי,arravye,L
אראב'ייא,arravya,L
אראב'ייאנדו,arravyando,L
אראב'ייאס,arravyes,L
אראב'ייאר,arravyar,L
אראב'ייארה,arravyara,L
אראב'ייארסי,arravyarse,L
אראב'ייו,arravyo,L
אראב'ייס,arravyes,L
אראזונארסי,a_razonarse,L
אראיגאדו,arraigado,L
אראיגאסטיש,arraigastesh,L
אראיגין,araigen,L
אראן,aran,L
אראנקאב'אן,arrankavan,L
אראנקארה,arrankara,L
אראנקי,arranke,L
אראס,aras,L
אראסטה,arrasta,L
אראר,arar,L
ארב'ול,arvol,L
ארב'וליס,arvoles,L
ארגאטיס,argates,L
ארה,ara,L
ארוגאנדו,arrogando,L
ארוגאר,a_rogar,L
ארוגארלי,a_rogarle,L
ארודיאב'ה,arrodeava,
ארודיאה,arrodea,L
ארודיאו,arrodeo,L
ארודיאן,arrodean,L
ארודיאראן,arrodearan,L
ארודיארון,arrodearon,L
ארון,Aron,H
ארטה,arta,L
ארטורה,artura,L
ארי,are,L
אריב'ה,arriva,L
אריב'יס,arreves,L
אריז'יסטאר,arrejistar,L
אריז'יסטאראן,arrejistaran,L
אריז'יסטארסי,arrejistarse,L
אריז'יסטארסין,arrejistarsen,L
אריז'ירב'וס,a_rijirvos,L
אריז'ירלוס,a_rijirlos,L
אריזייא,arrezye,L
ארילומבראר,arrelumbrar,L
ארימאטאמי,arrematame,L
ארימאטארלו,arrematarlo,L
ארימידיי,arremedye,L
ארינה,arena,L
אריסיב'יר,a_resivir,L
אריסיב'ירלו,a_resivirlo,L
אריספונדיר,a_responder,L
אריפיינטי,arrepyente,L
אריפינטייו,arrepintyo,L
אריפינטיירון,arrepintyeron,L
אריפינטיראן,arrepintiran,L
אריפינטיש,arrepintesh,L
אריקוז'ידאס,arrekojidas,L
ארמאדוס,armados,L
ארמאס,armas,L
ארמארון,armaron,L
ארמו,armo,L
ארסיזיס,arsizes,T
ארץ,Erets,H
אשי,Ashi,H
אשר,Asher,H
אתרוג,etrog,H
ב'א,va,L
ב'אזיאו,vazio,L
ב'אזיאוס,vazios,L
ב'אייא,vaya,L
ב'אייאמוס,vayamos,L
ב'אייאס,vayas,L
ב'אלי,vale,L
ב'אלייא,vaya,L
ב'אלייאן,vayan,L
ב'אמוס,vamos,L
ב'אן,van,L
ב'אנדה,vanda,L
ב'אנטאז'י,vantaje,L
ב'אס,vas,L
ב'אראס,varas,L
ב'ארוניס,varones,L
ב'אש,vash,L
ב'ה,va,L
ב'ו,vo,L
ב'וזוטרוס,vozotros,L
ב'וזיטרוס,vozotros,L
ב'ולאס,vo_las,L
ב'ולה,vo_la,L
ב'ולו,vo_lo,L
ב'ולוס,volos,L
ב'וס,vos,L
ב'וסי,vo_se,L
ב'י,ve,L
ב'יאה,via,L
ב'יאנדה,vianda,L
ב'יגאס,vegas,L
ב'ידאס,vidas,L
ב'ידו,vido,L
ב'יז,vez,L
ב'יז'יס,vejes,L
ב'יזיס,vezes,L
ב'ייז'ו,vyejo,L
ב'ייז'וס,vyejos,L
ב'ייני,vyene,L
ב'יינין,vyenen,L
ב'יירון,vyeron,L
ב'ילאס,velas,L
ב'ילונטאד,veluntad,L
ב'ימוס,vemos,L
ב'ין,ven,L
ב'ינגאן,vengan,L
ב'ינגאנסה,vengansa,L
ב'ינגארה,vengara,L
ב'ינגארסי,vengarse,L
ב'ינגה,venga,L
ב'ינו,vino,L
ב'ינטי,vente,L
ב'יני,vine,L
ב'יניאה,vinia,L
ב'יניאמוס,viniamos,L
ב'יניינדו,vinyendo,L
ב'יניירון,vinyeron,L
ב'יניר,venir,L
ב'יס,ves,L
ב'יסטה,vista,L
ב'יסטי,viste,L
ב'יסטידו,vistido,L
ב'יסטידוס,vistidos,L
ב'יסייוס,visyos,L
ב'יר,ver,L
ב'יראס,veras,L
ב'ירגואינסאס,verguensas,L
ב'ירדאד,verdad,L
ב'ירי,vere,L
ב'יריש,veresh,L
ב'ירנאן,vernan,L
ב'ירנה,verna,L
ב'יש,vesh,L
בא,Bo,H
באדקאר,badkar,L
באדקי,badke,L
באטאלייא,batalya,L
באיילאר,baylar,L
באלדאר,baldar,L
באלדארה,baldara,L
באלדארון,baldaron,L
באלדארלה,baldarla,L
באלדארסי,baldarse,L
באלדה,balda,L
באלדו,baldo,L
באלדי,balde,L
באלדימוס,baldemos,L
באלדיס,baldes,L
באנייו,banyo,L
באסטאב'ה,bastava,L
באסטאנטי,bastante,L
באסטו,basto,L
באראגאן,barragan,L
באראגאניאה,barragania,L
באראגאניס,barraganes,L
באראז'אס,barrajas,L
בארו,barro,L
באשאס,bashas,L
באשו,basho,L
באשורה,bashura,L
בבל,Bavel,H
בהמה,beema,H
בהמות,beemot,H
בהעלותך,Beaaloteha,H
בואילב'י,buelve,L
בואילטה,buelta,L
בואין,buen,L
בואינאס,buenas,L
בואינה,buena,L
בואינו,bueno,L
בואינוס,buenos,L
בוב'ו,bovo,L
בוז,boz,L
בוטיקה,butika,L
בוייאדיארלה,boyadearla,H
בולאדאס,boladas,L
בולה,bola,L
בולו,bolo,L
בולטאר,boltar,L
בולטאראן,boltaran,L
בולטארון,boltaron,L
בולטו,bolto,L
בולסה,bolsa,L
בונטאב'ה,bontava,L
בוקאס,bokas,L
בוקה,boka,L
בוראקיטו,burakito,L
בורלה,burla,L
בושקאלדוס,bushkaldos,L
בושקאמוס,bushkamos,L
בושקאמי,bushkame,L
בושקאס,bushkas,L
בושקאר,bushkar,L
בושקארה,bushkara,L
בושקארי,bushkare,L
בושקה,bushka,L
בושקו,bushko,L
בושקי,bushke,L
בטאלייא,batalya,L
בטאלייאס,batalyas,L
ביב'אמוס,bivamos,L
ביב'אס,bivas,L
ביב'ה,biva,L
ביב'ו,bivo,L
ביב'וס,bivos,L
ביב'י,beve,L
ביב'יאס,bivias,L
ביב'ייו,bevyo,L
ביב'יינדו,bevyendo,L
ביב'יירון,bevyeron,L
ביב'ימוס,bivimos,L
ביב'יס,beves,L
ביב'יר,bivir,L
ביב'יראן,biviran,L
ביב'ירה,bevera,L
ביב'ירלה,bivirla,L
ביב'ראג'יס,beveraJes,L
ביב'ראז'יס,beverajes,L
ביזאב'ה,bezava,L
ביזבה,bezba,L
ביזיר,bezer,T
ביחיד,beyahid,H
ביטיריאה,bitirea,T
ביטיריאו,bitireo,T
ביין,byen,L
בייניס,byenes,L
ביירב'ו,byervo,L
ביירב'וס,byervos,L
בין,ben,H
בינדיג'אס,bendichas,L
בינדיג'ה,bendicha,L
בינדיג'ו,bendicho,L
בינדיג'וס,bendichos,L
בינדיגאס,bendigas,L
בינדיגה,bendiga,L
בינדיזי,bendize,L
בינדיזיינדו,bendizyendo,L
בינדיזילוס,bendizelos,L
בינדיזימוס,bendizimos,L
בינדיזין,bendizen,L
בינדיזיס,bendizes,L
בינדיזיר,bendizir,L
בינדיזירה,bendizira,L
בינדיסייון,bendisyon,L
בינדיסייונוס,bendisyones,L
בינדיסייוניס,bendisyones,L
בינדישו,bendisho,L
בינדישי,bendishi,L
בינדישיראס,bendisheras,L
בינדישירה,bendishera,L
בינדישירון,a_muchedumbre,L
ביראביר,beraber,T
בית,Bet,H
בכורות,behorot,L
בכורים,bikurim,H
בכלל,bihlal,H
בלאנקה,blanka,L
בלאנקו,blanko,L
בלעם,Bilam,H
במזיד,bemezid,H
בן,ben,H
בנאה,Banaa,H
"בע""ה",beezrat_aEl,H
"בעה""י",beEzraetaElYitbarah,H
בעונות,beavonot,H
בעזרת,beezrat,H
בעל,Baal,H
בעלי,baale,H
בפנים,bafanim,H
בפרהסיא,befaresya,H
בפרט,bifrat,H
בר,bar,H
בראזאס,brazas,L
בראזה,braza,L
בראמיאה,bramia,L
בראמיאנדו,bramiando,L
בראסו,braso,L
בראסוס,brasos,L
בראשית,Bereshit,H
ברוריא,Brurya,H
בריוח,berevah,H
ברית,berit,H
ברכה,beraha,H
ברכות,berahot,H
ברכת,birkat,H
ברמז,beremez,H
בשורה,besora,H
בשורות,besorot,H
בשלח,Beshalah,L
בשן,Bashan,H
בשר,basar,H
בתוך,betoh,H
בתורת,betorat,H
בתיה,Batya,H
ג'אפין,chapin,L
ג'אפיניס,chapines,L
ג'וגאר,djugar,L
ג'ודיזמו,djudezmo,L
ג'ודייוס,djudyos,L
ג'וזגאב'ה,djuzgava,L
ג'וזגאדור,djuzgador,L
ג'וזגאן,djuzgan,L
ג'וזגאנדו,djuzgando,L
ג'וזגאר,djuzgar,L
ג'וזגארב'וס,djuzgarvos,L
ג'וזגארלה,djuzgarla,L
ג'וזגארלו,djuzgarlo,L
ג'וזגארלוס,djuzgarlos,L
ג'וזגארליס,djuzgarles,L
ג'וזגארמי,djuzgarme,L
ג'וזגארסי,djuzgarse,L
ג'וזגה,djuzga,L
ג'וזגו,djuzgo,L
ג'וזגוס,djuzgos,L
ג'וזגין,djuzgen,L
ג'וייאס,djoyas,L
ג'ולייא,djoya,L
ג'ולייאס,djoyas,L
ג'ונטה,djunta,L
ג'ונטו,djunto,L
ג'ונטוס,djuntos,L
ג'וסטה,djusta,L
ג'וסטו,djusto,L
ג'וסטוס,djustos,L
ג'וסטיסייא,djustisya,L
ג'ופו,chupo,L
ג'וראסטיס,djurastes,L
ג'ורו,djuro,L
ג'ורי,djure,L
ג'יגאנטי,djigante,L
ג'יגאנטיס,djigantes,L
ג'ידייוס,djidyos,L
ג'ינטי,djente,L
ג'ינטיס,djentes,L
ג'יקאס,chikas,L
ג'יקו,chiko,L
ג'יקוס,chikos,L
ג'ירינאנסייו,djerenansyo,L
גאוה,gaava,H
גאנאדוס,ganados,L
גאנאר,ganar,
גאנה,gana,L
גאסטאסטיס,gastates,L
גאסטאר,gastar,L
גאסטי,gaste,L
גארגאנטה,garganta,L
גבעת,Givat,H
גדול,gadol,H
גדולה,gedola,H
גדולים,gedolim,H
גדעון,Gidon,H
גהינם,Geinam,L
גואדראדאס,guadradas,L
גואדראדה,guadrada,L
גואדראדו,guadrado,L
גואדראטי,guadrate,L
גואדראן,guadran,L
גואדראנדו,guadrando,L
גואדראר,guadrar,L
גואדרארי,guadrare,L
גואדראש,guadrash,L
גואדרה,guadra,L
גואדריאן,guadrian,L
גואי,guay,L
גואיזמוס,guezmos,L
גואיי,guay,L
גואיסוס,guesos,L
גואיסטראס,guestras,L
גואיסטרה,guestra,L
גואיסטרו,guestro,L
גואיסטרוס,guestros,L
גואירטאס,guertas,L
גואירטה,guerta,L
גואירטילאנו,guertelano,L
גוארדיאן,guardian,L
גוב'ירנארי,governare,L
גוב'ירנו,governo,L
גודראס,godras,L
גוזאנו,guzano,L
גוזאר,gozar,L
גוזארון,gozaron,L
גוזו,gozo,L
גוזי,goze,L
גוזר,gozer,H
גויים,goyim,H
גוים,goyim,H
גולור,golor,L
גולורים,golores,L
גולוריס,golores,L
גוליר,goler,L
גולפי,golpe,L
גוסטאב'אן,gustavan,L
גוסטאן,gustan,L
גוסטאר,gustar,
גוסטארון,gostaron,L
גוסטאש,gustash,L
גוסטה,gusta,L
גוסטו,gusto,L
גוף,guf,H
גזרה,gezera,H
גזרות,gezerot,H
גיהנם,Geinam,H
גיזאן,gizan,L
גיזי,gize,L
גילגל,Gilgal,L
גיראס,gerras,L
גיריארון,gerrearon,L
גלות,galut,H
גלית,Golyat,H
גמור,gamur,L
גמורים,gemurim,H
גמילות,gemilut,H
גמליאל,Gamliel,H
גמרא,Gemara,H
גן,Gan,H
גניזה,geniza,H
גראדו,grado,L
גראנאדה,granada,L
גראנדי,grande,L
גראנדיזאס,grandezas,L
גראנדיזה,grandeza,L
גראנדיס,grandes,L
גראנדיסימו,grandisimo,L
גראנדיסימוס,grandisimos,L
גראסייא,grasya,L
גראסייאס,grasyas,L
גריטאב'אן,gritavan,L
גריטאן,gritan,L
גריטאנדו,gritando,L
גריטארון,gritaron,L
גריטה,grita,L
גריטו,grito,L
גריסונה,,L
דא,da,L
דאב'אן,davan,L
דאב'אס,davas,L
דאב'ה,dava,L
דאדו,dado,L
דאייאניאי,dayanee,T
דאלדי,dalde,L
דאמילדוס,dameldos,L
דאן,dan,L
דאנדו,dando,L
דאנדוטי,dandote,L
דאנדוליס,danodles,L
דאניי,danye,L
דאנייא,danya,L
דאנייאדור,danyador,L
דאנייאן,danyan,L
דאנייאנדו,danyador,L
דאנייאר,danyar,L
דאנייאראן,danyaran,L
דאנייו,danyo,L
דאנייוזו,danyozo,L
דאנייום,danyos,L
דאנייוס,danyos,L
דאס,das,L
דאסייו,dasyo,L
דאר,dar,L
דארב'וס,darvos,L
דארי,dare,L
דארלה,darla,L
דארלי,darle,L
דארלים,darles,L
דארליס,darles,L
דארמוס,darmos,L
דארמי,darme,L
דארסאר,darsar,H
דארסה,darsa,L
דארסילה,darsela,L
דארסין,darsen,L
דארשאנדו,darshando,L
דארשאר,darshar,L
דארשה,darsha,H
דבורה,Devora,H
דברי,Divre,H
דברים,Devarim,H
דה,da,L
דו,do,L
דואילי,duele,L
דואירמי,duerme,L
דוב'לאדה,dovlada,L
דוב'לאדו,dovlado,L
דוג'י,dodje,L
דוד,David,H
דוזיינטאס,dozyentas,L
דוזיינטוס,dozyentos,L
דוזינו,dozeno,L
דוטרינארלו,dotrinarlo,L
דוטרינה,dotrina,L
דוטרינו,dotrino,L
דוכן,duhan,H
דולאדיזו,doladizo,L
דולור,dolor,L
דולסי,dulse,L
דולסיס,dulses,L
דומה,Duma,H
דוס,dos,L
דוקא,davka,H
דוקאדו,dukado,L
דוקאדוס,dukados,L
דוקיס,dukes,L
דור,dor,H
דורות,dorot,H
דורמי,durme,L
דורמיינדו,durmyendo,L
דורמיר,durmir,L
די,de,L
דיאה,dia,L
דיאזיר,de_azer,L
דיאיל,de_el,L
דיאס,dias,L
דיב'אגאר,devagar,L
דיב'י,deve,L
דיב'ידאן,devedan,L
דיבאלדיס,debaldes,L
דיבאש'ו,debasho,L
דיבאשו,debasho,L
דיג'אס,dichas,L
דיג'ו,dicho,L
דיגאמוס,digamos,L
דיגאן,digan,L
דיגאס,digas,L
דיגאש,digash,L
דיגה,diga,L
דיגו,digo,L
דיגולייא,degoya,L
דיגולייארה,degoyara,L
דידו,dedo,L
דיזאונראב'אס,dezonravas,L
דיזאונראר,dezonrar,L
דיזאונרארלה,dezonrarla,L
דיזאונרארלו,dezonrarlo,L
דיזאונרארלוס,dezonrarlos,L
דיזאונרה,dezonra,L
דיזאונרו,dezonro,L
דיזאונרי,dezonre,L
דיזאזי,dezaze,L
דיזברוג'ארה,dezbrocha,L
דיזברוג'ה,dezbrocha,L
דיזגוזנאן,dezgoznan,L
דיזדי,dezde,L
דיזונראן,dezonran,L
דיזונרארלוס,dezonrarlos,L
דיזטיס,diztes,L
דיזי,dize,L
דיזיאב'ה,dezeava,L
דיזיאה,dizia,L
דיזיאו,dezeo,L
דיזיאן,dizian,L
דיזיאנדו,dezeando,L
דיזיאש,diziash,L
דיזיינדו,dizyendo,L
דיזיינדולה,dizyendola,L
דיזיינדולו,dizyendolo,L
דיזיינדולי,dizyendole,L
דיזיינדולים,dizyendoles,L
דיזיינדוליס,dizyendoles,L
דיזיינדומוס,dizyendomos,L
דיזיירטו,dezyerto,L
דיזימוס,dizimos,L
דיזימי,dizeme,L
דיזין,dizen,L
דיזינה,dezena,
דיזינו,dezeno,L
דיזיס,dizes,L
דיזיר,dizir,L
דיזירב'וס,dizirvos,L
דיזירטי,dizirte,L
דיזירלו,dizirlo,L
דיזירלי,dizirle,L
דיזירליס,dizirles,L
דיזירמוס,dizirmos,L
דיזליאירה,dezleera,L
דיזמאייאדוס,dezmayados,L
דיזנודאב'ה,deznudava,L
דיזנודו,deznudo,L
דיטאס,ditas,L
דיטה,dita,L
דיטו,dito,L
דיטוב'ו,detuvo,L
דיטוב'ייראש,detuvyerash,L
דיטוב'יירון,detuvyeron,L
דיטוב'ימוס,detuvimos,L
דיטוס,ditos,L
דיטינגאס,detengas,L
דיטינטי,détente,L
דיטיניינדו,detenyendo,L
דיטינימיינטו,detenimyento,L
דיטיניר,detener,L
דיטינירב'וס,detenervos,L
דיטינירסין,detenersen,L
דיטירמינאדו,determinado,L
דיטירמינאר,determinar,L
דיטירמינארה,determinara,L
דיטירמינו,determino,L
דיטראס,detras,L
דייו,Dyo,L
דייז,dyez,L
דיינטיס,dyentes,L
דיינטיסא,dyentes,L
דיינים,dayanim,H
דייס,dyes,L
דיירה,dyera,L
דיירון,dyeron,L
דיל,del,L
דילאנטרי,delantre,L
דילאס,de_las,L
דילארגו,de_largo,L
דילגאדה,delgada,L
דילה,de_la,L
דילוס,de_los,L
דילי,dile,L
דיליס,diles,L
דימאזייאדה,demazyada,L
דימאזייאדו,demazyado,L
דימאנדאב'אן,demandavan,L
דימאנדאב'אש,demandavash,L
דימאנדאב'ה,demandava,L
דימאנדאד,demandar,L
דימאנדאן,demandan,L
דימאנדאנדו,demandando,L
דימאנדאנדוטי,demandandote,L
דימאנדאס,demandas,L
דימאנדאר,demandar,L
דימאנדאראן,demandaran,L
דימאנדארה,demandara,L
דימאנדארון,demandaron,L
דימאנדאריש,demandaresh,L
דימאנדארלי,demandarle,L
דימאנדאש,demandash,L
דימאנדה,demanda,L
דימאנדו,demando,L
דימאנדימוס,demandemos,L
דימאנייאנה,demanyana,L
דימוס,dimos,L
דימי,di_me,L
דימיטיס,demetes,T
דימיניסטיר,demenester,L
דין,din,H
דינדי,dende,L
דינו,de_no,L
דינים,dinim,H
דינירו,dinero,L
דיס,des,L
דיסו,de_su,L
דיסוס,de_sus,L
דיסטאז'ו,destajo,L
דיסטיס,distes,L
דיסטירארה,desterrara,L
דיסטירה,desterra,L
דיסטרואירלוס,destruirlos,L
דיסטרוייגה,destruyga,L
דיסטרויירה,destuyira,L
דיסטרוליי,destruye,L
דיסטרולייו,destruyo,L
דיסטרולייר,destruyir,L
דיסינייאס,de_sinyas,L
דיסישטיס,disishtes,L
דיספארטי,desparte,L
דיספארטידוס,despartidos,L
דיספארטיינדו,despartyendo,L
דיספארטיירון,despartyeron,
דיספארטינימיינטו,despartimyento,L
דיספארטירמי,despartirme,L
דיספארטירסין,despartirsen,L
דיספאריסייו,desparesyo,L
דיספואיס,despues,L
דיספיגאר,despegar,L
דיספידאסאב'אן,despedasavan,L
דיספירטארלו,despertarlo,L
דיספירטה,desperta,L
דיספירטו,desperto,L
דיספירטי,desperte,L
דיסקאיי,deskaye,L
דיסקאלסה,deskalsa,L
דיסקאלסו,deskalso,L
דיסקאנסו,deskanso,L
דיסקאראדה,deskarada,L
דיסקאראדוס,deskarados,L
דיסקארגאנדו,deskargando,L
דיסקארגאנרו,deskargando,L
דיסקארגאר,deskargar,L
דיסקארגה,deskarga,L
דיסקוב'יירה,deskuvyera,L
דיסקוב'יירטו,deskuvyerto,L
דיסקוב'ראס,deskuvras,L
דיסקוב'ראש,deskuvrash,L
דיסקוב'רה,deskuvra,L
דיסקוב'רי,deskuvre,L
דיסקוב'ריאה,deskuvria,L
דיסקוב'רייו,deskuvriyo,L
דיסקוב'רין,deskuvren,L
דיסקוב'ריר,deskuvrir,L
דיסקולפאר,diskulpar,L
דיפ'טיר,defter,T
דיפ'ינדי,defende,L
דיפ'ינדיאן,defendian,L
דיפ'ינדייו,defendyo,L
דיפ'ינדיר,defender,L
דיפ'ירינסייא,diferensya,L
דיפ'ירינסייאס,diferensyas,L
דיפידריר,depedrer,L
דיפידרירה,depedrera,L
דיפיידראן,depyedran,L
דיפיידרין,depyedren,L
דיפיירדאן,depyerdan,L
דיפירדיירה,deperdyera,L
דיפרינדאן,deprendan,L
דיפרינדי,deprende,L
דיפרינדייו,deprendyo,L
דיפרינדיינדו,deprendyendo,L
דיפרינדייראש,deprendyerash,L
דיפרינדיר,deprender,L
דיפרינדירה,deprendera,L
דיקולגאדאס,dekolgadas,L
דיקולגאדה,dekolgada,L
דיקולגאדו,dekolgado,L
דיקולגאדוס,dekolgados,L
דיקוראדאס,dekoradas,L
דיקי,de_ke,L
דיקלאראב'ה,deklarava,L
דיקלאראדאס,deklaradas,L
דיקלאראדו,deklarado,L
דיקלאראנדו,deklarando,L
דיקלאראר,deklarar,L
דיקלארארה,deklarara,L
דיקלארארלאס,deklararlas,L
דיקלארארליס,deklararles,L
דיקלארה,deklara,L
דיקלארו,deklaro,L
דיקלארימוס,deklaremos,L
דיקלארין,deklaren,L
דיראן,diran,L
דיראס,diras,L
דירה,dira,L
דירוקו,derroko,L
דירי,dire,L
דיריג'ה,derecha,L
דיריג'ו,derecho,L
דיריג'וס,derechos,L
דיריג'ידאד,derechedad,
דירידור,derredor,L
דירידוריס,derredores,L
דיריש,diresh,L
דיש'ה,desha,L
דישאב'אש,deshavash,L
דישאב'ה,deshava,L
דישאדו,deshado,L
דישאסטיס,deshastes,L
דישאראס,desharas,L
דישארון,desharon,L
דישארי,deshare,L
דישארלה,desharla,L
דישארלו,desharlo,L
דישארסילו,desharselo,L
דישה,desha,L
דישו,disho,L
דישי,dishe,L
דישימוס,dishimos,L
דישין,deshen,L
דישיסטיס,dishistes,L
דישיסטיש,dishistesh,L
דישיראן,disheran,L
דישירה,dishera,L
דישירון,disheron,L
דישירי,dishere,L
דישיש,deshes,L
"דל""ת",dalet,H
"דלי""ת",dalet,H
דניאל,Daniel,H
דעת,daat,H
דקדוקים,dikdukim,H
דרבנן,derabanan,H
דרוגאס,drogas,L
דרוגה,droga,L
דרך,dereh,H
דררלי,darle,L
דתן,Dotan,H
ה',Adonay,H
"ה""א",e,H
האל,aEl,H
הארצות,aaratsot,H
הבא,aba,H
הבטחה,avtaha,H
הבתרים,abetarim,H
הדברות,adiberot,H
הדין,adin,H
הדרך,adereh,H
הונא,Una,H
החיים,ahayim,H
הימים,aYamim,H
היתר,eter,H
הכבוד,aKavod,H
הכהן,aKoen,H
הכנה,ahana,H
הכפורים,aKipurim,H
הכרח,ehreah,H
הלכה,alaha,H
הלכות,alahot,H
הלל,Ilel,H
המוציא,amotsi,H
המות,amavet,H
המזון,amazon,H
המלך,aMeleh,H
המקדש,aMikdash,H
המשיח,aMashiah,H
הנביא,aNavi,H
הנטחה,avtaha,H
הסדר,aseder,H
העולם,aolam,H
הפ'ירמאר,afirmar,L
הפה,ape,H
הפטרה,aftara,H
הפלשתי,apelishti,H
הצדיק,aTsadik,H
הצלחה,atslaha,H
הקבר,akever,H
הקדוש,aKadosh,H
הקדמה,akdama,H
הקדש,aKodesh,H
הקודש,aKodesh,H
הר,Ar,H
הראשון,aRishon,H
הרע,ara,H
הרשע,arasha,H
השגחה,asghaha,H
השילוני,aShiloni,H
השכינה,aShehina,H
השלום,ashalom,H
השראת,ashraat,L
התראה,atraa,H
"וא""ו",vav,H
ואגאר,vagar,L
ואלי,vale,L
ואלייא,vaya,L
ואלייאמוס,vayamos,L
ואלייאן,vayan,L
ואמוס,vamos,L
ואן,van,L
ואנדה,vanda,L
ואס,vas,L
ואקאס,vakas,L
ואקה,vaka,L
וארון,varon,L
וארוניס,varones,L
ואתחנן,Vaethanan,H
ובפרט,uvifrat,H
ודאי,vaday,H
ודם,vadam,H
וחמורים,vahamurim,H
וי,vi,L
ויאה,vea,L
ויאיר,veer,
ויאמוס,viamos,L
ויאן,vean,L
וידאס,vidas,L
וידה,vida,L
וידו,vido,L
וידוי,viduy,H
וידי,vide,L
וידראדיס,vedrades,L
וידרה,vedra,L
וידרו,vidro,L
וידרוראס,vedruras,L
וידרורה,vedrura,L
ויז,vez,L
ויז'יטה,vijita,L
ויז'יס,vejes,L
ויזינוס,vizinos,L
ויזיס,vezes,L
וייז'וס,vyejos,L
ויינדו,vyendo,
וייני,vyene,L
ויינין,vyenen,L
וייראן,vyeran,L
ויירון,vyeron,L
ויירניס,vyernes,L
וילאס,velas,L
וילונטאד,veluntad,L
וילך,Vayeleh,H
וימוס,vemos,L
וין,ven,L
וינאגרי,vinagre,L
וינאגריאב'ה,vinagreava,L
וינגאדו,vengado,L
וינגאן,vengan,L
וינגאנסה,vengansa,L
וינגארה,vengara,L
וינגארי,vengare,L
וינגה,venga,L
וינגו,vengo,L
וינדו,vendo,L
וינדיאה,vendia,L
וינדיירה,vendyera,L
וינדין,venden,L
וינו,vino,L
וינטורה,ventura,L
וינטי,vente,L
ויני,vine,L
ויניאה,vinia,L
ויניאן,vinian,L
וינידיראס,venideras,L
וינייא,vinya,L
וינייאס,vinyas,L
ויניינדו,vinyendo,
ויניינדולי,vinyendole,L
וינייראן,vinyeran,L
וינייראש,vinyerash,L
ויניירה,vinyera,L
ויניירון,vinyeron,L
וינימוס,vinimos,L
ויניסטיש,vinistesh,L
ויניר,venir,L
ויניש,vinish,L
וינסה,vensa,L
וינסי,vense,L
וינסייו,vensyo,L
וינסיירון,vensyeron,L
וינסיר,venser,L
ויס,ves,L
ויסטה,vista,L
ויסטי,viste,
ויסטידו,vistido,L
ויסטידוס,vistidos,L
ויסטייו,vistyo,L
ויסטין,visten,
ויסטיס,vistes,L
ויסטירטי,vistirte,L
ויסטירי,vistire,L
ויסטיש,vistesh,L
ויסייוס,visyos,L
ויעקב,veYaakov,H
ויקרא,Vayikra,H
ויר,ver,L
ויראס,veras,L
ויראש,verash,L
וירב'וס,vervos,L
וירג'יל,verjel,L
וירגואינסה,verguensa,L
וירדאד,verdad,L
וירדה,verda,L
וירי,vere,L
וירימוס,veremos,L
ויריש,veresh,L
וירלה,verla,L
וירלו,verlo,L
וירנאן,vernan,L
וירנה,verna,L
וירניש,vernesh,L
ויש,vesh,L
ויש',vesh,L
וישב,Vayeshev,H
וכלב,veHalev,H
וכן,vehen,H
ולילה,valayla,H
ומנפש,uminefesh,H
ורביה,ureviya,H
ורנה,verna,L
ושלום,veshalom,H
זה,ze,H
זוכה,zohe,H
זומא,Zoma,H
זונה,zona,H
זונות,zonot,H
זיטונאס,zetunas,L
זכאי,zakay,H
זכות,zahut,H
זכיות,zehiyot,H
זכרונו,zihrono,H
זנות,zenut,H
זקנים,zekenim,H
זרה,zara,H
זרע,zera,L
חאזינו,hazino,L
חאזינוס,hazinos,L
חאזינורה,hazinura,L
חאר'אב'ה,harvar,L
חארב'אב'ה,harvava,L
חארב'אן,harvan,L
חארב'אנדו,harvando,L
חארב'אנדולו,harvandolo,L
חארב'אר,harvar,L
חארב'אראן,harvaran,L
חארב'ארון,harvaron,L
חארב'ארלו,harvarlo,L
חארב'ה,harva,L
חארב'ו,harvo,L
חבות,hubut,H
חבלות,habalot,H
חבר,haver,H
חברים,haverim,H
חדש,hodesh,H
חובה,hova,H
חוצה,hutsa,H
חורב,Horev,H
חזקיה,Hizkiya,H
חזקיהו,Hizkiyau,H
"חי""ת",het,H
חידוש,hidush,H
חידושים,hidushim,H
חיות,hayot,H
חייא,Hiya,H
חייב,hayav,H
חכם,haham,H
חכמה,hohma,H
חכמים,hahamim,H
חלה,hala,H
חלוקה,haluka,H
חלק,helek,H
חנוכה,Hanuka,H
חנופה,hanufa,H
חנינא,Hanina,H
חנניא,Hananya,H
חס,has,H
חסד,hesed,H
חסדים,hasadim,H
חסיד,hasid,H
חסידים,hasidim,H
חצרות,Hatserot,H
חקת,Hukat,H
חשבון,Heshbon,H
טאב'לאס,tavlas,L
טאב'לה,tavla,L
טאג'ין,taJen,L
טאדרו,tadro,L
טאדרי,tadre,L
טאז'ארלו,tajarlo,L
טאז'ה,taja,L
טאז'ין,tajen,L
טאל,tal,L
טאליס,tales,L
טאמביין,tambyen,L
טאמיין,tamyen,L
טאן,tan,L
טאנביין,tanbyen,L
טאנטאס,tantas,L
טאנטה,tanta,L
טאנטו,tanto,L
טאנטוס,tantos,L
טאנייר,tanyer,L
טאסה,tasa,L
טאפאר,tapar,L
טאקסארון,taksaron,
טאקסה,taksa,L
טבע,teva,H
טו,tu,L
טוב'ו,tuvo,L
טוב'י,tuve,L
טוב'ייראן,tuvyeran,L
טוב'יירה,tuvyera,L
טוב'יירון,tuvyeron,L
טוב'ימוס,tuvimos,L
טוב'יסטיס,tuvistes,L
טוב'יסטיש,tuvistesh,L
טובים,tovim,H
טודאס,todas,L
טודה,toda,L
טודו,todo,L
טודום,todos,L
טודוס,todos,L
טולייא,tuya,L
טומאב'אן,tomavan,L
טומאב'ה,tomava,L
טומאדה,tomada,L
טומאדו,tomado,L
טומאלדו,tomaldo,L
טומאמוס,tomamos,L
טומאן,toman,L
טומאנדולי,tomandole,L
טומאסטיס,tomastes,L
טומאר,tomar,L
טומאראן,tomaran,L
טומאראש,tomarash,L
טומארה,tomara,L
טומארון,tomaron,L
טומארי,tomare,L
טומארלה,tomarla,L
טומארלו,tomarlo,L
טומארלי,tomarle,L
טומארליס,tomarles,L
טומה,toma,L
טומו,tomo,L
טומי,tome,L
טוס,tus,L
טופאב'אמוס,topavamos,L
טופאב'אן,topavan,L
טופאב'ה,topava,L
טופאמוס,topamos,L
טופאן,topan,L
טופאנדו,topando,L
טופאנדולי,topandole,L
טופאס,topas,L
טופאפ'אן,topavan,L
טופאר,topar,L
טופאראן,toparan,L
טופאראש,toparash,L
טופארה,topara,L
טופארון,toparon,L
טופאריש,toparesh,L
טופה,topa,L
טופו,topo,L
טופי,tope,L
טופימוס,tupemos,L
טופיס,topes,L
טוקאנטי,tokante,L
טוקארה,tokara,L
טוקה,toka,L
טוקי,toke,L
טורנאב'ה,tornava,L
טורנאן,tornan,L
טורנאס,tornas,L
טורנאר,tornar,L
טורנאראן,tornaran,L
טורנארה,tornara,L
טורנארון,tronaron,L
טורנארי,tornare,
טורנאש,tornash,L
טורנה,torna,L
טורנו,torno,L
טורני,torne,L
טורנימוס,tornemos,L
טורנין,tornen,L
טורניש,tornesh,L
טורפיס,torpes,L
טי,te,L
טיגו,tigo,L
טיז'אדו,tejado,L
טיטאס,tetas,L
טיטולו,titulo,L
טיטולוס,titulos,L
טיימפו,tyempo,L
טיינדאס,tyendas,L
טיינדה,tyenda,L
טייני,tyene,L
טיינין,tyenen,L
טייניס,tyenes,L
טיינפו,tyenpo,L
טיינפוס,tyenpos,L
טייראס,tyerras,L
טיירה,tyerra,L
טיירנו,tyerno,L
טימור,temor,L
טימיינטיס,temyentes,L
טימיל,temel,L
טימיליס,temeles,T
טימירוזו,temerozo,L
טימפיסטאס,tempestas,L
טין,ten,L
טינגאמוס,tengamos,L
טינגאן,tengan,L
טינגאס,tengas,L
טינגאש,tengash,L
טינגה,tenga,L
טינגו,tengo,L
טינגנאמוס,tengamos,L
טינו,tino,L
טיניאה,tenia,L
טיניאמוס,teniamos,L
טיניאן,tenian,L
טיניאס,tenias,L
טיניאש,teniash,L
טיניינדו,tenyendo,L
טינימוס,tenemos,L
טיניר,tener,L
טינירלה,tenerla,L
טיניש,tenesh,L
טיראטי,tirate,L
טירה,tira,L
טירנאן,ternan,L
טירנה,terna,L
טירני,terni,L
טירניש,ternesh,L
טישידוס,teshidos,L
טישירלה,tesherla,L
טלית,talet,H
טעם,taam,H
טעמים,teamim,H
טראב'אג'אב'אש,travaJavash,L
טראב'אג'אר,travaJar,L
טראב'אג'ו,travaJo,L
טראב'אז'אב'אמוס,travajavamos,L
טראב'אז'אב'אש,travajavash,L
טראב'אז'אנדו,travajando,L
טראב'אז'אסטיס,travajastes,L
טראב'אז'אר,travajar,L
טראב'אז'אראמוס,travajaramos,L
טראב'אז'ארון,travajaron,L
טראב'אז'ה,travaja,L
טראב'אז'ו,travajo,L
טראב'אז'וס,travajos,L
טראב'אז'י,travaje,L
טראב'אנדו,travando,L
טראב'ארה,travara,L
טראב'ה,trava,L
טראב'ו,travo,L
טראב'י,trave,L
טראטאסטיס,tratastes,L
טראטוס,tratos,L
טראטי,trate,L
טראי,trae,L
טראיאה,traia,L
טראיאן,traian,L
טראיאס,traias,L
טראייגאש,traygash,L
טראין,traen,L
טראיר,traer,L
טראליי,traye,L
טראסקילאר,traskilar,L
טרארלוס,traerlos,L
טרומפיטאס,trompetas,L
טרומפיטה,trompeta,L
טרוקה,troka,L
טרוש'יסטיש',trushistesh,L
טרושו,trusho,L
טרושי,trushe,L
טרושיסטיש,trushistesh,L
טרושירון,trusheron,L
טרושסטיס,trushistes,L
טריארלו,triarlo,L
טריג'י,tredje,L
טריגו,trigo,L
טריזי,treze,L
טריזיינטאס,trezyentas,L
טרינטה,trenta,L
טריס,tres,L
טריסטי,triste,L
טריסירה,tresera,L
טריסירו,tresero,L
טריפאס,tripas,L
טריפה,tripa,L
טרפון,Tarfon,H
טרפיות,terfiyut,L
יאודה,Yeuda,H
יאושע,Yeoshua,H
יאיר,Yair,H
ידים,yadayim,H
יהושע,Yeoshua,H
יהי,yei,H
"יו""ד",yod,H
יוחאי,Yohay,H
יוחנן,Yohanan,H
יוכבד,Yoheved,H
יום,yom,H
יומם,yomam,H
יוסי,Yose,H
יוסף,Yosef,H
יורשים,yoreshim,H
יחיד,yahid,H
יי'אמה,yama,L
ייא,ya,L
ייאמאב'ה,yamava,L
ייאמאלדו,yamaldo,L
ייאמאמוס,yamamos,L
ייאמאן,yaman,
ייאמאנדו,yamando,L
ייאמאר,yamar,L
ייאמה,yama,L
ייאמו,yamo,L
ייאמי,yame,L
ייאנורה,yanura,L
ייאקישיאב'ה,yakisheava,T
ייאקישיאה,yakishea,T
ייב'אב'אן,yevavan,L
ייב'אב'אש,yevavash,L
ייב'אב'ה,yevava,L
ייב'אן,yevan,L
ייב'אנדו,yevando,L
ייב'אר,yevar,L
ייב'אראן,yevaran,L
ייב'ארון,yevaron,L
ייב'ארי,yevare,L
ייב'ארלה,yevarla,L
ייב'ארלו,yevarlo,L
ייב'ארסילו,yevarselo,L
ייב'ה,yeva,L
ייב'ו,yevo,L
ייב'ין,yeven,L
ייו,yo,L
ייוגו,yugo,L
ייוראר,yorar,L
ייורו,yoro,L
יינאס,yenas,L
יינו,yeno,L
יינוס,yenos,L
ייקישיאב'ה,yakisheava,L
ייראב'אש,yerravash,L
ייראמוס,yerramos,L
ייראר,yerrar,L
יירו,yerro,L
יירי,yerre,L
יסורים,yisurim,H
יעקב,Yaakov,H
יצחק,Yitshak,H
יצר,yetser,H
ירדין,Yarden,H
ירדן,Yarden,H
ירושה,yerusha,H
ירושלים,Yerushalayim,H
ירושלם,Yerushalem,H
ישיאלים,Yisraelim,L
ישיבה,yeshiva,H
ישעיה,Yeshaya,H
ישעיהו,Yeshayau,H
ישראל,Yisrael,H
ישראלים,Yisrelin,H
יששכר,Yissahar,H
יתברך,yitbarah,H
יתרו,Yitro,H
כאפ'ראר,kafrar,H
כבוד,kavod,H
כדין,kadin,H
כהונה,keuna,H
כהן,koen,H
כהנא,Kaana,H
כהנום,koanim,H
כהנים,koanim,H
כוללות,kolelut,H
כונה,kavana,H
כיתה,kita,H
כיתות,kitot,H
כלים,kelim,H
כלל,kelal,H
כנגד,keneged,H
כנען,Kenaan,H
כנעני,kenaani,H
כנענים,Kenaanim,H
כנפי,kanfe,H
כסא,Kise,H
כפור,Kipur,H
כפי,kefi,H
כפרה,kapara,H
כשרים,kesherim,H
כתה,kita,H
לא,lo,H
לאב'אנדו,lavando,L
לאב'ארסי,lavarse,L
לאב'ה,lava,L
לאב'ו,lavo,L
לאב'י,lave,L
לאב'ייוס,lavyos,L
לאדו,lado,L
לאדוס,lados,L
לאדינה,ladina,L
לאדינו,ladino,L
לאדרון,ladron,L
לאדרוניס,ladrones,L
לאזירייא,lazerya,L
לאזרו,lazro,L
לאנה,lana,L
לאנסה,lansa,L
לאס,las,L
לארגו,largo,L
לארץ,laarets,H
לבא,lavo,H
לבוא,lavo,H
לבן,Lavan,H
לבנון,Levanon,H
לברכה,livraha,H
לה,la,L
לו,lo,L
לואוריס,loores,
לואיגו,luego,L
לואינגה,luenga,L
לוב'ייא,luvya,L
לוגאר,lugar,L
לוגאריס,lugares,L
לודו,lodo,L
לוז,luz,L
לוזייו,luzyo,L
לוזייוס,luzyos,L
לוזיס,luzes,L
לוטן,Lotan,H
לוי,Levi,H
לויים,leviyim,L
לוים,Leviyim,H
לולב,lulav,H
לומבוס,lumbos,L
לומברי,lumbre,L
לונה,luna,L
לוניס,lunes,L
לוס,los,L
לוסלוגאריס,los_lugares,L
לוקו,loko,L
לוקי,lo_ke,L
לוקינו,lo_ke_no,L
לי,le,L
ליאון,leon,L
ליאוניס,leones,L
ליב'ייאנאס,livyanas,L
ליב'ייאנה,livyana,L
ליב'ייאנו,livyana,L
ליב'רו,livro,L
ליב'רוס,livros,L
ליג'י,leche,L
לידי,le_de,L
ליזו,lizo,L
ליטראס,letras,L
ליי,Ley,L
לייא,ya,L
לייאב'יס,yaves,L
לייאגאס,yagas,L
לייאמאב'ה,yamava,L
לייאמאן,yaman,L
לייאמאר,yamar,L
לייאמה,yama,L
לייאמו,yamo,L
לייאמי,yame,L
לייאמין,yamen,L
לייאמר,yamar,L
לייאנאס,yagas,L
לייב'אב'אן,yevavan,L
לייב'אב'אש,yevavash,L
לייב'אב'ה,yevava,L
לייב'אנדו,yevando,L
לייב'ארב'וס,yevarvos,L
לייב'ארון,yevaron,L
לייב'ארלוס,yevarlos,L
לייב'ו,yevo,L
לייגארה,yagara,L
לייו,yo,L
לייוגו,yugo,L
לייוראנדו,yorando,L
לייוראסטיש,yorastesh,L
לייוראר,yorar,L
לייורו,yoro,L
ליינאס,yenas,L
ליינו,yeno,L
לייראר,yerrar,L
ליירארה,yerrara,L
ליירו,yerro,L
לימונייו,limunyo,L
לימונייוזו,limunyozo,L
לימונייוזוס,limunyozos,L
לימפייו,limpyo,L
לינייא,lenya,L
ליס,les,L
ליסינסייא,lisensya,L
ליפרה,lepra,L
ליצנות,letsanut,H
לישאנאס,leshanas,L
לישוס,leshos,L
לעולם,leolam,H
לעתיד,leatid,H
לקיש,Lakish,H
לשון,lashon,H
לשונות,leshonot,H
מא,ma,L
מאגנה,magna,L
מאדרי,madre,L
מאוייאר,mauyar,L
מאוייו,mauyo,L
מאולייו,mauyo,L
מאטאב'ה,matava,L
מאטאדוס,matados,L
מאטאדוריס,matadores,L
מאטאמי,matame,L
מאטאן,matan,L
מאטאנסה,matansa,L
מאטאס,matas,L
מאטאסטיס,matastes,L
מאטאר,matar,L
מאטאראן,mataran,L
מאטארה,matara,L
מאטארון,mataron,L
מאטארימוס,mataremos,L
מאטארלו,matarlo,L
מאטארלוס,matarlos,L
מאטארמוס,matarmos,L
מאטארמי,matarme,L
מאטה,mata,L
מאטו,mato,L
מאטינירלוס,mantenerlos,J
מאייוראליס,mayorales,L
מאייורגה,mayorga,L
מאיסטרו,maestro,L
מאיסטריאה,maestria,L
מאיר,Meir,H
מאל,mal,L
מאלאס,malas,L
מאלדיזי,maldize,L
מאלדיזירלו,maldizirlo,L
מאלדיסייון,maldisyon,L
מאלדישו,maldisho,L
מאלה,mala,L
מאלו,malo,L
מאלוס,malos,L
מאלטראטאן,maltratan,L
מאליג'וריאה,malechuria,L
מאליג'וריאס,malechurias,L
מאליס,males,L
מאמאן,maman,L
מאמפאראב'ה,mamparava,L
מאמפארארה,mamparara,L
מאמפארארליס,mampararles,L
מאמפארה,mampara,L
מאמפארי,mampare,L
מאנאדירו,manadero,L
מאנאדירוס,manaderos,L
מאנאן,manan,L
מאנג'אס,manchas,L
מאנג'ו,mancho,L
מאנדאב'אן,mandavan,L
מאנדאב'ה,mandava,L
מאנדאמייטוס,mandamyentos,L
מאנדאמיינטוס,mandamyentos,L
מאנדאר,mandar,L
מאנדה,manda,L
מאנדו,mando,L
מאנו,mano,L
מאנוז'וס,manojos,L
מאנום,manos,L
מאנוס,manos,L
מאנטוב'ו,mantuvo,L
מאנטוב'יירה,mantuvyera,L
מאנטוב'יירון,mantuvyeran,L
מאנטובו,mantuvo,L
מאנטיינין,mantyenen,L
מאנטינימיינטו,mantenimyento,L
מאנטינירי,mantenere,L
מאנטינירלוס,mantenerlos,L
מאנטינירסי,mantenerse,L
מאנייא,manya,L
מאנייאנה,manyana,L
מאנייאס,manyas,L
מאניירה,manyera,L
מאנילייא,maniya,L
מאניראס,maneras,L
מאנירה,manera,L
מאנסיב'אס,mansevas,L
מאנסיב'ו,mansevp,
מאנסיב'וס,mansevos,L
מאנסיב'יס,manseves,L
מאנפארא,manpara,L
מאנפאראר,manparar,L
מאנפארו,manparo,L
מאנקאב'ה,mankava,L
מאנקאן,mankan,L
מאנקאר,mankar,L
מאנקו,manko,L
מאנקיטו,mankito,L
מאס,mas,L
מאסה,masa,L
מאקארי,makare,L
מאקונטיסייו,servir,L
מאר,mar,L
מאראב'יאו,maravio,L
מאראב'יארון,maraviaron,L
מאראב'ילייא,maraviya,L
מאראב'ילייאב'אן,maraviyavan,L
מאראב'ילייאן,maraviyan,L
מאראב'ילייאנדו,maraviyando,L
מאראב'ילייאס,maraviyas,L
מאראב'ילייו,maraviyo,L
מאראג'ילייאב'אן,maraviyavan,L
מארידו,marido,L
מארינירוס,marineros,L
מאריס,mares,L
מאשקאנדו,mashkando,L
מאשקארלה,mashkarla,L
מגיפה,magefa,H
מגפה,magefa,H
מדבר,midbar,H
מדברות,midbarot,H
מדה,mida,H
מדות,midot,L
מדיין,Midyan,L
מדיינים,midyanim,L
מדין,Midyan,H
מדינים,midyanim,H
מדרגה,madrega,H
מדרגות,madregot,H
מדת,midat,H
מה,ma,L
מו,mo,L
מואב,Moav,H
מואיסטראס,muestras,L
מואיסטרה,muestra,L
מואיסטרו,muestro,L
מואיסטרוס,muestros,L
מואירטו,muerto,L
מואירטוס,muertos,L
מואירטי,muerte,L
מואירי,muere,L
מואירין,mueren,L
מואנ,Moav,H
מוב'יד,moved,L
מוב'ידב'וס,movedvos,L
מוב'יירון,movyeron,L
מוב'יר,mover,L
מוב'ירב'וס,movervos,L
מוג'אג'אס,muchachas,L
מוג'אג'ה,muchacha,L
מוג'אג'ו,muchacho,L
מוג'אג'וס,muchachos,L
מוג'יגואו,muchiguo,L
מוג'יגואר,muchiguar,L
מוג'יגואראן,muchiguaran,L
מוג'יגוארב'וס,muchiguarvos,L
מוג'יגוארה,muchiguara,L
מוג'יגוארון,muchiguaron,L
מוג'יגוארי,muchiguare,L
מוג'יגוארימוס,muchiguaremos,L
מוג'יגוארלוס,muchiguarlos,L
מוג'ידומברי,muchedumbre,L
מוג'יר,muJer,L
מוג'יריס,muJeres,L
מודו,modo,L
מודוס,modos,L
מודי,modo,L
מודרי,modre,L
מודריאן,modrian,L
מוז'אדאס,mojadas,L
מוז'יר,mujer,L
מוז'יריס,mujeres,L
מוזוטרוס,mozotros,L
מוי,muy,L
מויי,muy,L
מולאדאריס,moladares,L
מולאס,mo_las,L
מולה,mo_la,L
מולו,mo_lo,L
מולי,mole,L
מולינו,molino,L
מוליר,moler,L
מולירלו,molerlo,L
מונג'אס,munchas,L
מונג'ה,muncha,L
מונג'ו,muncho,L
מונג'וס,munchos,L
מונג'יגואו,munchiguo,L
מונג'יגואי,munchigue,L
מונדו,mundo,L
מונדוס,mundos,L
מונטאנייא,montanya,L
מונטאנייאס,montanyas,L
מונטורו,monturo,L
מונטי,monte,L
מונטיס,montes,L
מונידה,moneda,L
מוס,mos,L
מוסאפ'יר,musafir,T
מוסאפ'יריס,musafires,L
מוסו,moso,L
מוסוס,mosos,L
מוסי,mo_se,L
מועד,moed,H
מופ'ינה,mofina,L
מוראדה,morada,L
מוראדוריס,moradores,L
מוראן,moran,L
מוראס,moras,L
מורה,mora,L
מורטאלדאד,mortaldad,L
מוריאה,muria,L
מוריאן,murian,L
מוריאס,murias,L
מורייו,muryo,L
מוריינדו,muryendo,L
מוריינדוסין,muryendosen,L
מורייראמוס,muryeramos,L
מורייראן,muryeran,L
מוריירה,muryera,L
מוריירון,muryeron,L
מורימוס,murimos,L
מוריר,murir,L
מורירה,murira,L
מורמוריאב'אן,murmureavan,L
מורמוריאנדו,murmureando,L
מזבח,mizbeah,H
מזוזה,mezuza,H
מזל,mazal,H
מזלות,mazalot,H
מחמת,mehamat,H
מחנה,mahane,H
מחשבה,mahshava,H
מטה,mata,H
מטות,Matot,H
מי,me,L
מיאה,mia,L
מיאו,mio,L
מיאולייו,meoyo,L
מיאולייוס,meoyos,L
מיאוס,mios,L
מיאטאד,miatad,H
מיאס,mias,L
מיג'ור,miJor,L
מיגו,migo,L
מידות,midot,H
מידייו,medyo,L
מידיקו,mediko,L
מיז,mez,L
מיז'ור,mijor,L
מיז'וריאה,mijoria,L
מיזורה,mezura,L
מיזיס,mezes,L
מיזמה,mizma,L
מיזמו,mizmo,L
מיזמוס,mizmos,L
מיטאמוס,metamos,L
מיטאש,metash,L
מיטה,meta,L
מיטו,meto,L
מיטי,mete,L
מיטיאה,metia,L
מיטיאן,metian,L
מיטיאש,metiash,L
מיטייו,metyo,L
מיטיינדו,metyendo,L
מיטיינדולה,metyendola,L
מיטייראן,metyeran,L
מיטיירון,metyeron,L
מיטילדוס,meteldos,L
מיטין,meten,L
מיטיר,meter,L
מיטירה,metera,
מיטירי,metere,L
מיטיריש,meteresh,L
מיטירלאס,meterlas,L
מיטירלה,meterla,L
מיטירלו,meterlo,L
מיטירלוס,meterlos,L
מיטירליס,meterles,L
מיטירסי,meterse,L
מיטירסילה,metersela,L
מיטיש,metesh,L
מיידו,myedo,L
מייל,myel,L
מיימברו,myembro,L
מיימברוס,myembros,L
מיינטיס,myetes,L
מיכאל,Mihael,H
מיכה,Miha,H
מיל,mil,L
מילאגרו,milagro,L
מילאגרוס,milagros,L
מילארייאס,milaryas,L
מילדאב'אמוס,meldavamos,L
מילדאב'אס,meldavas,L
מילדאב'ה,meldava,L
מילדאמוס,meldamos,L
מילדאן,meldan,L
מילדאנדו,meldando,L
מילדאר,meldar,L
מילדארלה,meldarla,L
מילדארלוס,meldarlos,L
מילדה,melda,L
מילדו,meldo,L
מילדי,melde,L
מילדימוס,meldemos,L
מילדין,melden,L
מילה,mila,H
מיליזינאב'ה,melezinava,L
מיליזינאן,melezina,L
מיליזינאראס,melezinaras,L
מיליזינארה,melezinara,L
מיליזינה,melezina,L
מיליזינו,melezino,L
מיליזיני,melezine,L
מיליס,miles,L
מינגואדה,menguada,L
מינגואדו,menguado,L
מינגואדוס,menguados,L
מינגואה,mengua,L
מינוספריסיי,menospresye,L
מינוספריסייא,menospresya,L
מינוספריסייאב'ה,menospresyava,L
מינוספריסייאר,menospresyar,L
מינוספריסייארי,menospresyare,L
מינוספריסייו,menospresyado,L
מינטו,mento,L
מינטי,mente,L
מינטיראס,mentiras,L
מינטירה,mintira,L
מיניאו,meneo,L
מיניאי,menee,L
מיניאן,menean,L
מיניסטיר,menester,L
מיניסטיריס,menesteres,L
מינן,minan,H
מיס,mis,L
מיסי,me_se,L
מיראב'ה,mirava,L
מיראן,miran,L
מיראנדו,mirando,L
מיראס,miras,L
מיראר,mirar,L
מיראראן,miraran,L
מירארה,mirara,L
מירארון,miraron,L
מירארלאס,mirarlas,L
מירה,mira,L
מירו,miro,L
מירי,mire,L
מירין,miren,L
מיריס,mires,L
מיריסי,merese,L
מיריסיאה,meresia,L
מיריסידוריס,meresedores,L
מיריסימוס,meresemos,L
מיריסימיינטו,meresimyento,L
מיריסין,meresen,L
מיריסיס,mereses,L
מיריסירלו,mereserlo,L
מירסיד,mersed,L
מירסידיס,mersedes,L
מירקאדיר,merkader,L
מירקאסטיס,merkastes,L
מירקאר,merkar,L
מירקארלו,merkarlo,L
מירקארלי,merkarle,L
מירקה,merka,L
מירקו,merko,L
מירקי,merke,L
מישאל,Mishael,H
מכה,maka,H
מכוון,mehuvan,H
מלאבי,malahe,H
מלאך,malah,H
מלאכה,melaha,H
מלאכות,melahot,H
מלאכים,malahim,H
מלב,milev,H
מלבד,milevad,H
מלך,Meleh,H
מלכים,Melahim,H
ממונים,memunim,H
מנורה,menora,H
מנשה,Menashe,H
מסעי,Mase,H
מסרה,mesera,L
מעלה,maala,H
מעלות,maaolot,H
מעמד,maamad,H
מעסים,maasim,H
מערה,meara,H
מעשה,maase,H
מעשים,maasim,H
מצוה,mitsva,H
מצוות,mitsvot,H
מצות,mitsvot,H
מציאות,metsiut,H
מצריים,mitsriyim,H
מצרים,Mitsrayim,H
מקארי,makare,L
מקושש,mekoshesh,H
מקטרג,mekatreg,H
מקטרגים,mekatregin,L
מרגלים,meragelim,H
מרה,Mara,H
מרים,Miryam,H
משה,Moshe,H
משכן,Mishkan,H
משל,mashal,H
משנה,mishne,L
משניות,mishnayot,H
משפחה,mishpaha,H
משפטים,mishpatim,H
מתנה,matana,H
נאב'י,nave,L
נאב'יס,naves,L
נאדא,nada,L
נאדאר,nadar,L
נאדה,nada,L
נאטורה,natura,L
נאסי,nase,L
נאסידוס,nasidos,L
נאסיירון,nasyeron,L
נאסיר,naser,L
נבואה,nevua,H
נבוכדנצר,Nevuhadnetsar,H
נבון,navon,H
נבונים,nevonim,H
נביא,navi,H
נביאות,neviut,H
נביאים,neviim,H
נבלות,navlut,H
נדב,Nadav,H
נדר,neder,H
נו,no,L
נואיב'ו,nuevo,L
נואיב'י,nueve,L
נואיז,nuez,L
נואיזיס,nuezes,L
נואיסטראס,nuestras,L
נואיסטרה,nuestra,L
נואיסטרו,nuestro,L
נואיסטרוס,nuestros,L
נואיראס,nueras,L
נוב'י,nuve,L
נוב'ייא,novya,L
נוב'ייו,novyo,L
נוב'ינה,novena,L
נוב'ינו,noveno,L
נוב'ינטה,noventa,L
נוב'יס,nuves,L
נוג'י,noche,L
נוג'יס,noches,L
נוזוטרוס,nozotros,L
נוטאמוס,notamos,L
נוטה,nota,L
נולה,no_la,L
נולו,no_lo,L
נולי,no_le,L
נומבראדו,nombrado,L
נומבראדיאה,nombradia,L
נומברה,nonbra,L
נומברו,nombro,L
נומברי,nombre,L
נומברים,nombres,L
נומבריס,nombres,L
נונקה,nunka,L
נוסי,no_se,L
נחמיא,Nehemya,H
נטילת,netilat,H
ני,ni,L
ניגראס,negras,L
ניגרו,negro,L
ניגרוס,negros,L
נידו,nido,L
ניי,,L
נייב'י,nyeve,L
נייטוס,nyetos,L
ניירב'ו,nyervo,L
ניירב'וס,nyervos,L
נינגון,ningun,L
נינגונה,ninguna,L
נינגונו,ninguno,L
נינייטה,ninyeta,L
ניסים,nisim,H
נמרוד,Nimrod,H
נס,nes,H
נסים,nisim,H
נפטר,niftar,H
נשיא,nasi,H
נתן,Natan,H
סאב'ור,savor,L
סאב'י,save,L
סאב'יאה,savia,L
סאב'יאמוס,saviamos,L
סאב'יאן,savian,L
סאב'יאס,savias,L
סאב'יאש,saviash,L
סאב'ידו,savido,L
סאב'יטי,savete,L
סאב'ייא,savya,L
סאב'ייו,savyo,L
סאב'ייוס,savyos,L
סאב'יינדו,savyendo,L
סאב'ילדו,saveldo,L
סאב'ין,saven,L
סאב'יס,saves,L
סאב'יר,saver,L
סאב'ירלוס,saverlos,L
סאב'יש,savesh,L
סאב'ראס,savras,L
סאב'רוזה,savroza,
סאב'ריס,savres,L
סאב'ריש,savresh,L
סאומארה,saumara,L
סאיטה,saeta,L
סאל,sal,L
סאלב'אראס,salvaras,L
סאלב'ו,salvo,L
סאלב'י,salve,L
סאלגאן,salgan,L
סאלודאנדו,saludando,L
סאלודארלו,saludarlo,L
סאלטאר,saltar,L
סאלטה,salta,L
סאלטו,salto,L
סאלי,sale,L
סאליאה,salia,L
סאליאן,salian,L
סאלידה,salida,L
סאלידורה,salidura,L
סאלייו,salyo,L
סאליינדו,salyendo,L
סאלייראן,salyeran,L
סאלייראש,salyerash,L
סאליירה,salyera,L
סאליירון,salyeron,L
סאלימוס,salimos,L
סאלין,salen,L
סאליסטיס,salistes,L
סאליסטיש,salistesh,L
סאליר,salir,L
סאנגרה,sangra,L
סאנגרי,sangre,L
סאנטה,santa,L
סאנטו,santo,L
סאנטיפ'וקארה,santifikara,L
סאנטיפ'יקאן,santifikan,L
סאנטיפ'יקארה,santifikara,L
סאנטיפ'יקה,santifika,L
סאנטיפ'יקו,santifiko,L
סאקארון,sakaron,L
סאקארמוס,sakarmos,L
סאקו,sako,L
סאקודיינדו,sakudyendo,L
סאקודיר,sakudir,L
סאראף,saraf,T
סארלאן,sarlan,L
סבות,sibot,H
סברא,sevara,H
סגולה,segula,L
סדר,seder,H
סו,su,L
סואינייו,suenyo,L
סוב'ה,suva,L
סוב'י,suve,L
סוב'יאה,suvia,L
סוב'ידה,suvida,L
סוב'ייו,suvyo,L
סוב'יינדו,suvyendo,L
סוב'יירון,suvyeron,L
סוב'ין,suven,L
סוב'יר,suvir,L
סוב'רי,sovre,L
סוב'רינו,sovrino,L
סוג'יפ'טוס,sodjiftos,L
סודרו,sodro,
סוכה,suka,H
סוכות,Sukot,H
סול,sol,L
סולאס,solas,L
סולה,sola,L
סולו,solo,L
סולומברה,solombra,L
סולטארה,soltara,L
סולטארון,soltaron,L
סולטו,solto,L
סולטי,solte,L
סולייא,suya,L
סולייו,suyo,L
סומבאלייא,sombaya,L
סומה,suma,L
סומוס,somos,L
סומפורטאר,somportar,L
סומפורטארי,somportare,L
סון,son,L
סונבאייו,sonbayo,L
סונבאיינדו,sobayendo,L
סונבאיירה,sonbayera,L
סונטראירה,sontraera,L
סונידו,sonido,L
סונפורטאב'אמוס,sonportavamos,L
סונפורטאב'ה,sonportava,L
סונפורטאר,sonportar,L
סונפורטו,sonporto,L
סוס,sus,L
סוסטייני,sostyene,L
סוסטיניאה,sostenia,L
סוספיג'ו,sospecho,L
סופו,supo,L
סופיטו,supito,L
סופייראן,supyeran,L
סופיירון,supyeron,L
סופר,sofer,H
סורמי,surme,T
סוש,sosh,L
סי,se,L
סיאה,sea,L
סיאיר,seer,L
סיאמוס,seamos,L
סיאן,sean,L
סיאס,seas,L
סיאש,seash,L
סיב'דאד,sivdad,L
סיב'דאדיס,sivdades,L
סיב'דאר,sivdad,L
סיב'ה,se_va,L
סיבה,siba,H
סיבות,sibot,H
סיגון,segun,L
סיגונדאס,segundas,L
סיגונדה,segunda,L
סיגונדו,segundo,L
סיגינדה,segunda,L
סיד,sed,L
סיון,sivan,H
סיזינה,sezena,L
סיזינו,sezeno,L
סיחון,Sihon,H
סיטינה,setena,L
סיטינו,seteno,L
סיטינטה,setenta,L
סיטינסייא,setensya,L
סיטינסייאס,setensyas,L
סיטיסיינטוס,setesyentos,L
סייגארון,syegaron,L
סייגו,syego,L
סייטי,syete,L
סיילו,syelo,L
סיילום,syelos,L
סיילוס,syelos,L
סיימפרי,syempre,L
סיין,syen,L
סיינדו,syendo,L
סיינטו,syento,L
סיינטוס,syentos,L
סיינטי,syente,L
סיינפרי,syenpre,L
סיירב'אן,syervan,L
סיירב'ה,syerva,L
סיירב'ו,syervo,L
סיירב'ין,syerven,L
סיירה,syerra,L
סיירטו,syerto,L
סייריאנדו,syerrearon,L
סילאר,selar,L
סילה,se_la,L
סילו,se_lo,L
סילי,se_le,L
סילייא,siya,L
סימאנה,semana,L
סימבראדאס,sembradas,L
סימבראדו,sembrado,L
סימבראדוס,sembrados,L
סימבראן,sembran,L
סימבראר,sembrar,L
סימיג'אנטי,semeJante,L
סימיז'אנטי,semejante,L
סימין,semen,L
סימן,siman,L
סימנים,simanim,H
סין,sin,L
סינגונדה,segunda,L
סינו,si_no,L
סינטיאה,sintia,L
סינטילייאס,senteyas,L
סינטיר,sintir,L
סינטירמי,sintirme,L
סינטיש,sintish,L
סיני,Sinay,H
סינייאל,sinyal,L
סינייאס,sinyas,L
סינייאש,senyiash,L
סיניידירו,senyidero,L
סיניידירוס,senyideros,L
סינייור,senyor,L
סינייורה,senyora,L
סיניירב'וס,senyirvos,L
סינקו,sinko,L
סינקואינטה,sinkuenta,L
סינקינה,sinkena,L
סינקינו,sinkeno,L
סיסטו,sesto,L
סיסינטה,sesenta,L
סיסרא,Sisera,H
סיפאן,sepan,L
סיפאנסי,sepanse,L
סיפאסי,sepase,L
סיפה,sepa,L
סיקארון,sekaron,L
סיקארסי,sekarse,L
סיקה,seka,L
סיקו,seko,L
סיקוס,sekos,L
סיקורה,sekura,L
סיקריטה,sekreta,L
סיקריטו,sekreto,L
סיקריטוס,sekretos,L
סיר,ser,L
סיראדאס,serradas,L
סיראדה,serrada,L
סיראדו,serrado,L
סיראדוס,serrados,L
סיראן,seran,L
סיראס,seras,L
סירב'יא,servia,L
סירב'יאה,servia,L
סירב'יאן,servian,L
סירב'יאס,servias,L
סירב'יינדו,sirvyendo,L
סירב'ייראן,sirvyeran,L
סירב'יירון,sirvyeron,L
סירב'ימוס,servimos,L
סירב'ימיינטו,servimyento,L
סירב'יסטיש,sirvistesh,L
סירב'יסייאל,servisyal,L
סירב'יר,servir,L
סירב'ירסי,servirse,L
סירב'ירסין,servirsen,L
סירה,sera,L
סירו,serro,L
סירייוס,siryos,L
סיריש,seresh,L
סירנירלו,sernirlo,L
סירקה,serka,L
סירקוסיינדו,sirkusyendo,L
סיש,sesh,L
סך,sah,H
סכנה,sakana,H
סם,sam,H
סנהדרין,sanedrin,H
ספק,safek,H
ספקות,sefekot,H
ספר,sefer,H
סרח,Serah,H
סתם,setam,H
"ע""ז",al_ze,H
עבודה,avoda,H
עבירה,avera,H
עבירות,averot,H
עגל,egel,H
עדות,edut,H
עדים,edim,H
עדן,Eden,H
עוג,Og,H
עולם,olam,H
עון,avon,H
עזאי,Azay,H
עזרא,Ezra,H
עזריא,Azarya,H
עיקר,ikar,H
על,al,H
עליו,alav,H
עמון,Amon,H
עמי,ame,H
עני,ani,H
עניות,aniyut,H
ענין,inyan,H
עץ,ets,H
עקב,Akev,H
עקיבא,Akiva,H
עקידה,akeda,H
עקינא,Akiva,H
עקכ,Akev,H
ערב,erev,H
ערבות,Arvot,H
ערבית,arvit,H
עשה,ase,H
עשו,Esav,H
עשרת,aseret,H
עתניאל,Otniel,H
פ'אלטאב'ה,faltava,L
פ'אלטאנדו,faltando,L
פ'אלטאס,faltas,L
פ'אלטארון,faltaron,L
פ'אלטה,falta,L
פ'אלטו,falto,L
פ'אלטי,falte,L
פ'אלסאר,falsar,L
פ'אלסו,falso,L
פ'אלסוס,falsos,L
פ'אמה,fama,L
פ'אמיאס,famias,L
פ'אסיס,fases,L
פ'ואי,fue,L
פ'ואיגו,fuego,L
פ'ואימוס,fuimos,L
פ'ואיסה,fuesa,L
פ'ואיסטיש,fuistesh,L
פ'ואיר,fuir,L
פ'ואיראן,fueran,L
פ'ואיראס,fueras,L
פ'ואירה,fuera,L
פ'ואירון,fueron,L
פ'ואירטי,fuerte,L
פ'ואירטיס,fuertes,L
פ'ואירסא,fuersa,L
פ'ואירסאס,fuersas,L
פ'ואירסה,fuersa,L
פ'וייגה,fuyga,L
פ'ויינדו,fuyendo,L
פ'וייר,fuyir,L
פ'ולאנו,fulano,L
פ'וליי,fuye,L
פ'ולייו,fuyo,L
פ'וליין,fuyen,L
פ'ולייר,fuyir,L
פ'ונסאדו,fonsado,L
פ'ונסאדוס,fonsados,L
פ'וראסטירוס,forasteros,L
פ'ורטאליזה,fortaleza,L
פ'ורטונה,furtuna,T
פ'ורסאסטיס,forsastes,L
פ'ורסודה,forsuda,L
פ'יאה,fea,L
פ'יאלדאד,fealdad,L
פ'יאלדאדיס,fealdades,L
פ'יאס,feas,L
פ'יגוזייא,figuzya,L
פ'יגורה,figura,L
פ'ידאלגו,fidalgo,L
פ'ייסטה,fyesta,L
פ'ירמי,firme,L
פ'ירמיס,firmes,L
פ'לאמה,flama,L
פ'לאקה,flaka,L
פ'לאקו,flako,L
פ'לאקוס,flakos,L
פ'ראגואה,fragua,L
פ'ראגואו,fraguo,L
פ'ראגואימוס,fraguemos,L
פ'ראגואסטיש,fraguastesh,L
פ'ראגואר,fraguar,L
פ'ראגוארה,fraguara,L
פ'רוג'יגוארון,fruchiguaron,L
פ'רוג'יגוארימוס,fruchiguaremos,L
פ'רוטאס,frutas,L
פ'רוטה,fruta,L
פ'רוטו,fruto,L
פ'רוטוס,frutos,L
פ'ריאו,frio,L
פ'רינו,freno,L
פאגאר,pagar,L
פאגארה,pagara,L
פאגארטי,pagarte,L
פאגארי,pagare,L
פאגה,paga,L
פאגו,pago,L
פאגי,page,L
פאגיס,pages,L
פאדדי,padre,L
פאדרי,padre,L
פאדרים,padres,L
פאדריס,padres,L
פאז'ה,paja,L
פאטאדה,patada,L
פאטרון,patron,L
פאטרונה,patrona,L
פאטרוניס,patrones,L
פאלאב'ראס,palavras,L
פאלאב'רה,palavra,L
פאלאסייו,palasyo,L
פאמיאס,famias,L
פאן,pan,L
פאנייו,panyo,L
פאנפאניקוס,panpanikos,L
פאס,pas,L
פאסאב'אן,pasavan,L
פאסאב'ה,pasava,L
פאסאדאס,pasadas,L
פאסאדה,pasada,L
פאסאדו,pasado,L
פאסאנדו,pasando,L
פאסאסטיש,pasastesh,L
פאסאר,pasar,L
פאסאראן,pasaran,L
פאסארה,pasara,L
פאסארון,pasaron,L
פאסה,pasa,L
פאסו,paso,L
פאסי,pase,L
פאסיארון,pasearon,L
פאסימוס,pasemos,L
פאסינסייא,pasensya,L
פאסיס,fases,L
פאפוס,papos,L
פאפסארון,pasaron,L
פאר,par,L
פאראנדו,parando,L
פאראס,parras,L
פאראר,parar,L
פאראראן,pararan,L
פארארה,parara,L
פארארי,parare,L
פארה,para,L
פארו,paro,L
פארוסי,parese,L
פארטו,parto,L
פארטי,parte,L
פארטיאה,partia,L
פארטידא,partida,L
פארטידה,partida,L
פארטייו,partyo,L
פארטיירון,partyeron,L
פארטין,parten,L
פארטיס,partes,L
פארטיקולאר,partikular,L
פארטיר,partir,L
פארטירדה,partida,L
פארטירליס,partirles,
פארטירמוס,partirmos,L
פארטירסי,partirse,L
פארי,pare,L
פאריד,pared,L
פארידיס,paredes,L
פאריינטיס,paryentes,L
פאריסי,parese,L
פאריסיירה,paresyera,L
פאריסקה,pareska,L
פאשאס,pashas,L
פאשארו,pasharo,
פאשארוס,pasharos,L
פאשאשטיש,pasastesh,L
פאשה,pasha,T
פה,pe,H
פו'אירסה,fuersa,L
פואיב'לו,puevlo,L
פואידאן,puedan,L
פואידה,pueda,L
פואידו,puedo,L
פואידי,puede,L
פואידיאה,pueida,L
פואידימוס,puedemos,L
פואידין,pueden,L
פואידיס,podias,L
פואידיר,pueder,L
פואידיש,puedesh,L
פואיסטוס,puestos,L
פואירטה,puerta,L
פואירטוס,puertos,L
פואירסה,fuersa,L
פואירפו,puerpo,L
פואירפוס,puerpos,L
פואירקידאד,puerkedad,L
פוג'אב'ה,puJava,L
פוג'ארלי,puJarle,L
פוג'ה,puJa,L
פודו,pudo,L
פודי,pude,L
פודיאה,podia,L
פודיאמוס,podiamos,L
פודיאן,podian,L
פודיאס,podias,L
פודיינדולה,podyendola,L
פודיירון,pudyeron,
פודימוס,podemos,L
פודיסטאן,podestan,L
פודיסטאר,podestar,L
פודיסטארימוס,podestaremos,L
פודיסטה,podesta,L
פודיסטו,podesto,L
פודיר,poder,L
פודריש,podresh,L
פוז'אב'ה,pujava,L
פוז'אמיינטו,pujamyento,L
פוז'אר,pujar,L
פוז'ארה,pujara,L
פוז'ארלי,pujarle,L
פוז'ה,puja,L
פוז'ו,pujo,L
פוז'י,puje,L
פוזאב'ה,pozava,L
פוזאדאס,pozadas,L
פוזאדה,poazada,L
פוזאדוס,pozados,L
פוזארה,pozara,L
פוזה,poza,L
פוזו,pozo,L
פוזי,poze,L
פוזימוס,puzimos,L
פוזין,pozen,L
פוטיפר,Potifar,H
פולב'ו,polvo,L
פונג'אדורה,punchadura,L
פונג'אן,punchan,L
פונג'וניס,punchones,L
פונגה,ponga,L
פונטאס,puntas,L
פונטה,punta,L
פונטו,punto,L
פונטוס,puntos,L
פוני,pone,L
פונייאדו,punyado,L
פוס,pus,L
פוסיב'לי,posivle,L
פוסל,posel,H
פוקאס,pokas,L
פוקה,poka,L
פוקו,poko,L
פור,por,L
פורלה,por_la,L
פורני,porne,L
פורסו,por_su,L
פורקי,porke,L
פטירה,petira,H
פיאדאדיס,piadades,L
פיאדוזו,piadozo,L
פיאה,pea,H
פיאוז'אמברי,piojambre,L
פיאוז'וס,piojos,L
פיג'ה,pecha,L
פיג'ו,pecho,L
פיג'וס,pechos,L
פידייראן,pedyeran,L
פידרונאב'אן,pedronavan,L
פידרונאב'ה,pedronava,L
פידרונאדו,pedronado,L
פידרונאן,pedronan,L
פידרונאס,pedronas,L
פידרונאר,pedronar,L
פידרונארה,pedronara,L
פידרונה,pedrona,L
פידרונו,pedrono,L
פידרידה,pedrida,
פידרידו,pedrido,L
פידריטה,pedrita,L
פידריירון,pedriyeron,L
פידריר,pedrer,L
פיזאב'ה,pizava,L
פיזאן,pizan,L
פיזגאדה,pezgada,L
פיזגאדו,pezgado,L
פיזגאדוס,pezgados,L
פיזגידומברי,pezgedumbre,L
פיזה,piza,L
פיזו,pezo,L
פיזי,pize,L
פיזמה,pizma,L
פיזמוזוס,pizmozos,L
פיי,pye,L
פיידראס,pyedras,L
פיידרה,pyedra,L
פיידרי,pyedre,L
פיידריר,pyedrer,L
פיינארלה,peynarla,L
פייס,pyes,L
פילאר,pilar,L
פיליאב'אן,peleavan,L
פיליאב'אס,peleavas,L
פיליאב'ה,peleava,L
פיליאה,pelea,L
פיליאו,peleo,L
פיליאן,peleen,L
פיליאנדו,peleando,L
פיליאס,peleas,L
פיליאר,pelear,L
פיליאראמוס,pelearamos,L
פיליאראן,pelearan,L
פיליארון,pelearon,L
פיליגרו,peligro,L
פיליגרינוס,pelegrinos,L
פימיינטה,pinyenta,L
פינאנדו,penando,L
פינאס,penas,L
פינאר,penar,L
פינה,pena,L
פינו,pino,L
פיני,peni,L
פינייא,penya,L
פינייאסקוס,penyaskos,L
פינסאב'ה,pensava,L
פינסאמיינטו,pensamyento,L
פינסאן,pensan,L
פינסאנדו,pensando,L
פינסאס,pensas,L
פינסאר,pensar,L
פינסארון,pensaron,L
פינסו,penso,L
פינסי,pense,L
פינסיס,penses,L
פינסר,pensar,L
פיסגאדו,pesgado,L
פיקאב'אמוס,pekavamos,L
פיקאב'אן,pekavan,L
פיקאב'אש,pekavash,L
פיקאב'ה,pekava,L
פיקאדו,pekado,L
פיקאדוס,pekados,L
פיקאדוריס,pekadores,L
פיקאמוס,pekamos,L
פיקאן,pekan,L
פיקאסטיש,pekastesh,L
פיקאר,pekar,L
פיקאראמוס,pekaramos,L
פיקאראן,pekaran,L
פיקאראש,pekarash,L
פיקארה,pekara,L
פיקארון,pekaron,L
פיקאש,pekash,L
פיקה,peka,L
פיקו,peko,L
פיקי,peke,L
פיקימוס,pekimos,L
פיקין,peken,L
פירדונה,perdona,L
פירדונימילו,perdonemelo,L
פירדייו,perdyo,L
פירו,pero,L
פירוס,perros,L
פירטיניסי,pertenese,
פירטיניסייטיס,pertenesyentes,L
פירטיניסיינטי,pertenesyente,L
פירטיניסיינטיס,pertenesyentes,L
פיריזה,pereza,
פיריזוזה,perezoza,L
פיריזוזו,perezozo,L
פירסיגיינדו,persigyendo,L
פירקוראר,perkurar,L
פירקורה,perkura,L
פירקורו,perkuro,L
פירקורי,perkure,L
פישיס,peshes,L
פישקאדו,peshkado,L
פישקיריס,peshkires,L
פלאטה,plata,L
פלאטיקה,platika,L
פלאנטאדו,plantado,L
פלאנטאר,plantar,L
פלאנטו,planto,L
פלייטו,pleyto,L
פלייטוס,pleytos,L
פלייטיס,pleytes,L
פלפול,pilpul,H
פלשתים,pelishtim,H
פנחס,Pinehas,H
פנים,panim,H
פסוס,pasos,L
פסוק,pasuk,H
פסוקים,pesukim,H
פסח,Pesah,H
פעולה,peula,H
פעור,Peor,H
פקדון,pikadon,H
פראגואה,fragua,L
פראטירסי,partirse,L
פרוב'יג'ו,provecho,L
פרוב'יג'וזאס,provechozas,
פרוב'יג'וס,provechos,L
פרוב'יזה,proveza,L
פרוביזה,proveza,L
פרונטאס,prontas,L
פרונטה,pronta,L
פרונטו,pronto,L
פרונטוס,prontos,L
פרופ'יטה,profeta,L
פרופוסיטו,proposito,L
פרופייא,propya,
פרופייאס,propyas,L
פרופייו,propyo,L
פרופייוס,propyos,L
פרט,perat,H
פרטים,peratim,H
פרטיס,partes,L
פרטית,peratit,H
פריב'אדו,prevado,L
פריב'אמוס,prevamos,L
פריב'אס,prevas,L
פריב'אסטיס,prevastes,L
פריב'אר,prevar,L
פריב'ארון,prevaron,L
פריב'אריש,prevaresh,L
פריב'ארלו,prevarlo,L
פריב'ה,preva,L
פריגונטאר,preguntar,L
פריגונירו,pregonero,
פריה,periya,H
פריזינטי,prezente,L
פרימירה,primera,L
פרימירו,primero,L
פרימירוס,primeros,L
פרינדירלאס,prenderlas,L
פרינדירלה,prenderla,L
פרינדירסין,prendersen,L
פרינסיפיס,prinsipes,L
פריסונאס,presonas,L
פריסונה,presona,L
פריסטו,presto,L
פריסייאדאס,presyadas,L
פריסייאדה,presyada,L
פריסייו,presyo,L
פריסיפייו,presipyo,L
פריקורארה,prekurara,L
פרעה,Paro,H
פרק,perek,H
פרשה,perasha,L
פרשיות,perashiyot,H
פרת,Perat,H
פתחון,pithon,L
צבור,tsibur,H
צדיק,tsadik,H
צדיקים,tsadikim,H
צדקה,tsedaka,H
צואה,tsavaa,H
ציציות,tsitsiyot,H
ציצית,tsitsit,H
צער,tsaar,H
קאב'אלייו,kavayo,L
קאב'אלייוס,kavayos,L
קאב'אליירוס,kavayeros,L
קאב'אקארון,kavakaron,L
קאב'דאל,kavdal,L
קאב'ו,kavo,L
קאב'וס,kavos,L
קאב'זאנטי,kavzante,
קאב'זאסטיש,kavzastesh,L
קאב'זאסטיש',kavzashtesh,L
קאב'זארון,kavzaron,L
קאב'זה,kavza,L
קאב'זו,kavzo,L
קאב'זוס,kavzos,L
קאב'ילייו,kaveyo,L
קאב'ילייוס,kaveyos,L
קאב'יסאס,kavesas,L
קאב'יסה,kavesa,L
קאב'יסיראס,kaveseras,L
קאב'יסירה,kavesera,L
קאב'יר,kaver,L
קאב'סה,kavesa,L
קאדה,kada,L
קאדינאס,kadenas,L
קאדיר,kadir,T
קאזאדו,kazado,L
קאזאס,kazas,L
קאזאר,kazar,L
קאזה,kaza,L
קאטאד,katad,L
קאטאן,katan,L
קאטה,kata,L
קאטורזי,katorze,L
קאטיב'אראן,kativaran,L
קאטיב'ארון,kativaron,L
קאטיב'ו,kativo,L
קאטיב'ימוס,kativemos,L
קאטיב'ירייו,kativeryo,L
קאטיב'ירייוס,kativeryos,L
קאטיגאנדו,kastigando,L
קאייאדה,kayada,L
קאייאדוס,kayados,L
קאייאר,kayar,L
קאייגה,kayga,L
קאיינדו,kayendo,L
קאירה,kaera,L
קאלור,kalor,L
קאליאה,kalia,L
קאליי,kaye,L
קאלייאדה,kayada,L
קאלייאדוס,kayados,L
קאלייו,kayo,L
קאליירה,kayera,L
קאליירון,kayeron,L
קאמה,kama,L
קאמינאב'אש,kaminavash,L
קאמינאב'ה,kaminava,L
קאמינאדו,kaminando,L
קאמינאן,kaminan,L
קאמינאנדו,kaminando,L
קאמינאסטיש,kaminastesh,L
קאמינאר,kaminar,L
קאמינארון,kaminaron,L
קאמינארלוס,kaminarlos,L
קאמינאש,kaminash,L
קאמינה,kamina,L
קאמינו,kamino,L
קאמינוס,kaminos,L
קאמיני,kamine,L
קאמפו,kampo,L
קאמפוס,kampos,L
קאנדילה,kandela,L
קאנטאנדו,kantando,
קאנטאר,kantar,L
קאנטו,kanto,
קאנטון,kanton,L
קאנטיגאס,kantigas,L
קאנטיגה,kantiga,
קאנסאסטיש,kansastesh,L
קאנסארון,kansaron,L
קאנסי,kanse,L
קאנפו,kanpo,L
קאנפוס,kanpos,L
קאסטיגאב'אן,kastigavan,L
קאסטיגאב'ה,kastigava,L
קאסטיגאטי,kastigate,L
קאסטיגאלוס,kastigalos,L
קאסטיגאן,kastigan,L
קאסטיגאנדו,kastigando,L
קאסטיגאנדולאס,kastigandolas,L
קאסטיגאנדולו,kastigandolo,L
קאסטיגאנדומוס,kastigandomos,L
קאסטיגאסטיס,kastigastes,L
קאסטיגאר,kastigar,L
קאסטיגאראס,kastigaras,L
קאסטיגארה,kastigara,L
קאסטיגארלו,kastigarlo,L
קאסטיגארלוס,kastigarlos,L
קאסטיגארמי,kastigarme,L
קאסטיגה,kastiga,L
קאסטיגו,kastigo,L
קאסטיגי,kastige,L
קאסטיגיס,kastiges,L
קאסטיגירייו,kastigeryo,L
קאסטיגירייוס,kastigeryos,L
קאסטיגיש,kastigesh,L
קאסטינאנדולו,kastigandolo,L
קאפ'ראר,kafrar,H
קאפאס,kapas,L
קאפיטולו,kapitulo,L
קאראס,karas,L
קאראר,karar,T
קארגאב'ה,kargava,L
קארגאנדו,kargando,L
קארגאס,kargas,L
קארגה,karga,L
קארגו,kargo,L
קארה,kara,L
קארו,karro,L
קארוס,karros,L
קארני,karne,L
קארניס,karnes,L
קארנירו,karnero,L
קארנירוס,karneros,L
קארקאנייאל,karkanyal,L
קארקאנייאליס,karkanyales,L
קדושה,kedusha,H
קדושין,kidushin,H
קהל,kaal,H
קואטרו,kuatro,L
קואטריגואס,kuatriguas,L
קואידרה,kuedra,L
קואינטה,kuenta,L
קואינטו,kuento,L
קואינטרה,kuentra,L
קואירפו,kuerpo,L
קואירפוס,kuerpos,L
קואל,kual,L
קואלה,kuala,L
קואנדו,kuando,L
קואנטאס,kuantas,L
קואנטה,kuanta,L
קואנטו,kuanto,L
קואנטוס,kuantos,L
קוארטו,kuarto,L
קוארטינה,kuartena,L
קוארטינו,kuarteno,L
קוארינטה,kuarenta,L
קוב'דיסייאן,kovdisyan,L
קוב'דיסייו,kovdisyo,L
קוב'יג'אדוס,kuviJados,L
קוב'יז'אדאס,kuvijadas,L
קוב'יז'אדוס,kuvijados,L
קוב'יז'י,kuvije,L
קוב'ראראן,kovraran,L
קוב'רה,kovra,L
קודייאדו,kudyado,L
קודש,kodesh,H
קוז'ין,kojen,L
קוזאס,kozas,L
קוזה,koza,L
קוזיקה,kozika,L
קוזירלה,kuzirla,L
קוזירלו,kozerlo,L
קולגו,kolgo,L
קולור,kolor,L
קולוראדו,kolorado,L
קוליב'רו,kulevro,L
קוליב'רוס,kulevros,L
קולפאב'אן,kulpavan,L
קולפאמוס,kulpamos,L
קולפאן,kulpan,
קולפאס,kulpas,
קולפה,kulpa,
קולפו,kulpo,
קומאמוס,komamos,L
קומאן,koman,L
קומאנדאר,komandar,L
קומאנדו,komando,L
קומאנדוס,komandos,L
קומאס,komas,L
קומארקאס,komarkas,L
קומארקה,komarka,L
קומבליסאס,komblesas,L
קומו,komo,L
קומי,kome,L
קומיאמוס,komiamos,L
קומיאן,komian,L
קומידאס,komidas,L
קומידה,komida,L
קומייו,komyo,L
קומיינדו,komyendo,L
קומיירה,komyera,L
קומיירון,komyeron,L
קומימוס,komemos,L
קומין,komen,L
קומיס,komes,L
קומיר,komer,L
קומירלו,komerlo,L
קומירסילו,komerselo,L
קומפלי,kumple,L
קומפלידאס,kumplidas,L
קומפלידה,kumplida,L
קומפלידו,kumplido,L
קומפלייו,kumpliyo,L
קומפליר,kumplir,L
קומפלירי,kumplire,L
קומפראר,komprar,L
קומפרה,kompra,L
קון,kon,L
קונב'ייני,konvyene,L
קונדינו,kondeno,L
קונדיס,kondes,L
קונוסי,konose,L
קונוסיאן,konosian,L
קונוסידו,konosido,L
קונוסידוס,konosidos,L
קונוסייו,konosyo,L
קונוסייראמוס,konosyaramos,L
קונוסין,konosen,L
קונוסיר,konoser,L
קונוסיראן,konoseran,L
קונוסירלוס,konoserlos,L
קונוסקאש,konoskash,L
קונורטו,konorto,L
קונטאב'אן,kontava,L
קונטאדאס,kontadas,L
קונטאדו,kontado,L
קונטאמוס,kontamos,L
קונטאן,kontan,L
קונטאנדו,kontando,L
קונטאר,kontar,L
קונטארון,kontaron,L
קונטארלאס,kontarlas,L
קונטארלוס,kontarlos,L
קונטארליס,kontarles,L
קונטה,konta,L
קונטו,konto,L
קונטי,konte,L
קונטימוס,kontimos,L
קונטינטאב'ה,kontentava,L
קונטינטאסטיס,kontentastes,L
קונטינטו,kontento,L
קונטינטי,kontente,L
קונטראנפיזי,kontrapeze,L
קונטראפיזאדו,kontrapezado,L
קונטראפיזה,kontrapeza,L
קוניל,kon_el,L
קונילייא,kon_eya,L
קונילייאס,kon_eyas,L
קונילייוס,kon_eyos,L
קונלאס,kon_las,L
קונלה,kon_La,L
קונלוס,kon_los,L
קונסו,kon_su,L
קונסוס,kon_sus,L
קונסיג'ו,konseJo,L
קונסיז'ו,konsejo,L
קונסיז'וס,konsejos,L
קונפ'רונטאנטי,konfrontante,L
קונקי,kon_ke,L
קונקלואידאס,konkluidas,L
קונקריאה,konkria,L
קונקריארון,konkriaron,L
קופייא,kopya,L
קופיירה,kopiyar,L
קוראסון,korason,L
קוראסוניס,korasones,L
קורה,korra,L
קורונאס,koronas,L
קורונה,korona,L
קורטאב'ה,kortava,L
קורטאן,kortan,L
קורטאנדו,kortando,L
קורטאס,kurtas,L
קורטאר,kortar,L
קורטארה,kortara,L
קורטארון,kortaron,L
קורטארי,kortare,L
קורטה,kurta,L
קורטו,kurto,L
קורטי,korte,L
קוריאה,korria,L
קורייו,korryo,L
קוריינדו,korryendo,L
קוריירון,korryeron,L
קורין,korren,L
קטורת,ketoret,H
קי,ke,L
קיאמינאן,kaminan,L
קיב'ראנטאדוס,kevrantados,L
קיב'ראנטאמוס,kevrantamos,L
קיב'ראנטאן,kevrantan,L
קיב'ראנטה,kevranta,L
קיב'ראנטו,kevranto,L
קיג'ו,kiJo,L
קיג'י,kiJe,L
קיג'יסטיש,kiJistesh,L
קיג'ירון,kiJeron,L
קיג'ירי,kiJere,L
קיג'ישטיש,kiJistesh,L
קידאב'ה,kedava,L
קידאבאן,kedavan,L
קידאדו,kedado,L
קידאמוס,kedamos,L
קידאן,kedan,L
קידאר,kedar,L
קידאראן,kedaran,L
קידארה,kedara,L
קידארון,kedaron,L
קידה,keda,L
קידו,kedo,L
קידי,ke_de,L
קיז'ו,kijo,L
קיז'י,kije,L
קיז'יסטיס,kijistes,L
קיז'יסטיש,kijistesh,L
קיז'ירון,kijeron,L
קיז'ירי,kijere,L
קיזו,kezo,L
קיטאב'אן,kitavan,L
קיטאב'אס,kitavas,L
קיטאב'ה,kitava,L
קיטאמוס,kitamos,L
קיטאן,kitan,L
קיטאנדו,kitando,L
קיטאנדי,kitando,L
קיטאס,kitas,
קיטאסטיס,kitastes,L
קיטאסטיש,kitastesh,L
קיטאר,kitar,L
קיטארה,kitara,L
קיטארון,kitaron,L
קיטאריש,kitaresh,L
קיטארלוס,kitarlos,L
קיטארליס,kitarles,L
קיטה,kita,L
קיטו,kito,L
קיטי,kite,L
קיטימוס,kitimos,L
קיטין,kiten,L
קיטיס,kites,L
קילאס,ke_las,L
קילה,ke_la,L
קילו,ke_lo,L
קילוס,ke_los,L
קילי,ke_le,L
קיליס,ke_les,L
קימאב'ה,kemava,L
קימאדו,kemado,L
קימאדוס,kemados,L
קימאדוראס,kemaduras,L
קימאר,kemar,L
קימאראן,kemaran,L
קימאראס,kemaras,L
קימארון,kemaron,L
קימה,kema,L
קימו,kemo,L
קימי,ke_me,L
קין,ken,L
קינו,ke_no,L
קינוסייראמוס,konosyeramos,L
קינזי,kinze,L
קינטינה,kintena,L
קיניינטאס,kinyentas,L
קיניינטוס,kinyentos,L
קיסו,ke_su,L
קיסון,ke_son,L
קיסי,ke_se,L
קיר,ker,L
קירה,kera,L
קירו,kero,L
קירי,kere,L
קיריאה,keria,L
קיריאמוס,keriamos,L
קיריאן,kerian,L
קיריאס,kerias,L
קיריאש,keriash,L
קירידאס,keridas,L
קירידוס,keridos,L
קיריינדו,keryendo,L
קיריינדוליס,keryendoles,L
קירימוס,keremos,L
קירין,keren,L
קירינסייא,kerensya,L
קיריס,keres,L
קיריש,keresh,L
קירמיז,kirmiz,L
קישאנדו,keshando,L
קישאסטיש,keshastesh,L
קישאר,keshar,L
קישאראן,kesharan,L
קישארון,kesharon,L
קישו,kesho,
קלאב'ו,klavo,L
קלאראס,klaras,L
קלארו,klaro,L
קלארידאד,klaridad,L
קלים,kalim,H
קמחית,Kimhit,H
קנז,Kenaz,H
קרבן,korban,H
קרבנות,korbanot,H
קרח,Korah,H
קריאב'ה,kriava,L
קריאדור,Kriador,L
קריאו,kreo,L
קריאטוראס,kriaturas,L
קריאטוריקאס,kriaturikas,L
קריאי,krii,L
קריאיאן,kreian,L
קריאיסטיס,kreistes,L
קריאיסטיש,kreistesh,L
קריאיר,kreer,L
קריאנסאס,kriansas,L
קריאר,kriar,L
קריארה,kriara,L
קריארון,kriaron,L
קריאש,keriash,L
קריאת,keriat,H
קרייאטוראס,kriyaturas,L
קריירון,kreyeron,L
קריסי,krese,L
קריסיאה,kresia,L
קריסיאן,kresian,L
קריסייו,kresyo,L
קריסין,kresen,L
קריסיר,kreser,L
קריסקה,kreska,L
ר',r',H
ראב'ייא,ravya,L
ראב'ייוזו,ravyozo,L
ראזגו,razgo,L
ראזון,razon,L
ראזונאמיינטו,razonamyento,L
ראזונארסי,razonarse,L
ראזונו,razono,L
ראיה,reaya,H
ראיות,reayot,H
ראיזיס,raizes,L
ראמאס,ramas,L
ראפוזה,rapoza,L
ראש,rosh,H
ראשון,rishon,H
רב,rav,H
רבוא,ribo,H
רבי,ribi,H
רבים,rabim,H
רבינו,Rabenu,H
רבן,Raban,H
רגל,regel,H
רוב,rov,H
רוב'אן,rovan,L
רוב'אר,rovar,L
רוב'ה,rova,L
רוב'ו,rovo,L
רוב'י,rove,L
רוגאב'אן,rogavan,L
רוגאב'ה,rogava,L
רוגאב'ן,rogavan,L
רוגאנדו,rogando,L
רוגאר,rogar,L
רוגארה,rogara,L
רוגארלי,rogarle,L
רוגו,rogo,L
רוגי,roge,L
רוזה,roza,L
רוחני,ruhani,H
רוחניים,ruhaniyim,H
רומה,Roma,L
רומז,romez,H
רומפין,rompen,L
רומפיראן,reomperan,L
רונפיאה,ronpia,L
רונפין,ronpen,L
רונפיר,ronper,L
רופה,ropa,L
רחמים,rahamim,H
רחמן,rahman,H
ריאו,rio,L
ריאוס,rios,L
ריאל,real,L
ריב'ידרידה,revedrida,L
ריב'ילטיאה,reveltia,L
ריב'ילייארון,revelyaron,L
ריב'ילייארי,revelyare,L
ריב'ילייו,revelyo,L
ריב'ילייוס,revelyos,L
ריבואילטו,rebuelto,L
ריבולב'י,rebolve,L
ריבולב'ייו,rebolvyo,L
ריבולב'יסטיש,rebolvistesh,L
ריבולב'יסטיש',rebolvestesh,L
ריג'י,ridje,L
ריג'ידוריס,riJidores,L
ריג'ינדו,riJendo,L
ריג'יס,riJes,L
ריגלה,regla,L
ריגמה,regma,L
ריגמו,regmo,L
ריגמי,regme,L
ריגמייו,regmiyo,L
ריגמיינדו,regmiyendo,L
ריגמיירון,regmiyeron,L
ריגמיסטיס,regmistes,L
ריגמיר,regmir,L
ריגמירב'וס,regmirvos,L
ריגמירה,regmira,L
ריגמירטי,regmirte,L
רידאס,ridas,L
רידה,rida,L
ריז'אן,rijan,L
ריז'ו,rijo,L
ריז'וס,rijos,L
ריז'י,rije,L
ריז'ידוריס,rijidores,L
ריז'ידירה,rijidera,L
ריז'ין,rijen,L
ריז'ינדו,rijendo,L
ריז'יס,rijes,L
ריז'יסטארסי,rejistarse,L
ריז'יר,rijir,L
ריז'יראן,rijiran,L
ריז'ירב'וס,rijirvos,L
ריז'ירלאס,rijirlas,L
ריז'ירלוס,rijirlos,L
ריזייו,rezyo,L
ריזייורה,rezyura,L
ריטורנאב'ה,retornnava,
ריטורנארון,retornaron,L
ריטימבלאר,retemblar,L
ריי,rey,L
ריינאדו,reynado,L
ריינאדוס,reynados,L
ריינו,reyno,L
רייס,reyes,L
רילומבראב'ה,relumbrava,L
רימידייו,remedyo,L
רימידייוס,remedyos,L
רינוב'אר,renovar,L
רינוב'ו,renovo,L
ריסטאנטי,restante,L
ריסטארון,restaron,L
ריסטו,resto,L
ריסיב'ה,resiva,L
ריסיב'י,resive,L
ריסיב'יאן,resivian,L
ריסיב'ידאס,resividas,L
ריסיב'ידה,resivida,L
ריסיב'ידו,resivido,L
ריסיב'ייו,resivyo,L
ריסיב'יינדו,resivyendo,L
ריסיב'ייראן,resivyeran,L
ריסיב'יירה,risivyera,L
ריסיב'יירון,resivyeron,L
ריסיב'ימוס,resivimos,L
ריסיב'ין,resiven,L
ריסיב'יסטיש,resivistesh,L
ריסיב'יר,resivir,L
ריסיב'ירלו,resivirlo,L
ריסיב'יש,resivish,L
ריסיבי,resive,L
ריסינדיאה,resendia,L
ריסינייראן,resivyeran,L
ריספונדה,responda,L
ריספונדו,respondo,L
ריספונדי,responde,L
ריספונדיאה,respondia,L
ריספונדיאן,respondian,L
ריספונדייו,respondyo,L
ריספונדיינדו,respondyendo,L
ריספונדייראן,respondyeran,L
ריספונדיירה,respondyera,L
ריספונדיירון,respondyeron,L
ריספונדימי,respondeme,L
ריספונדין,responden,L
ריספונדיסטיס,respondistes,L
ריספונדיר,responder,L
ריספונדירלי,responderle,L
ריספונדירמי,responderme,L
ריספונודייראן,respondyeran,L
ריפואיסטה,repuesta,L
ריפוזאדה,repozada,L
ריפוזאדו,repozado,L
ריפוזו,repozo,L
ריקה,rika,L
ריקו,riko,L
ריקוס,rikos,L
ריקידרי,rekedre,L
ריקיזה,rikeza,L
ריקיסייו,rekesyo,L
ריקירסי,rekrese,L
ריקריסי,rekrese,L
ריקריסין,rekresen,L
ריקריסיר,rekreset,L
ריש,Rish,H
רמוז,ramuz,H
רמז,remez,H
רעה,raa,H
רעות,raot,H
רעים,raim,H
רפאים,refaim,H
רצון,ratson,H
רצועות,retsuot,H
רשע,rasha,H
רשעים,reshaim,H
שאול,Shaul,H
שבט,shevet,H
שבטים,shevatim,H
שבעל,shebeal,H
שבת,Shabat,H
שדיאור,Shedeur,H
שוות,shavot,H
שוחט,shohet,H
שופטים,Shofetim,H
שופר,shofar,H
שטן,Satan,H
שטר,shetar,H
שטרות,shetarot,L
"שי""ת",ShemYitbarah,H
שיטים,Shitim,H
שיעור,shiur,H
שירה,shira,H
שישינטאס,sheshentas,L
שישינטוס,sheshentos,L
שכינה,Shehina,H
שכל,sehel,H
שכר,sahar,H
שלא,shelo,H
שלום,shalom,H
שלחן,shulhan,H
שליח,shaliah,H
שלמה,Shelomo,H
שם,Shem,H
שמואל,Shemuel,H
שמע,shema,H
שמעון,Shimon,H
שמשון,Shimshon,H
שני,sheni,H
שעיר,Seir,H
שפט,Shefat,H
שר,sar,H
שרים,sarim,H
ששים,shishim,H
תהומות,teomot,H
תוכחות,tohahot,H
תולדות,Toledot,H
תורה,Tora,H
תחבולות,tahbulot,L
תחום,tehum,H
תחת,tahat,H
תלמיד,talmid,H
תלמידי,talmide,H
תמיד,tamid,H
תמנע,Timna,H
תנאי,tenay,H
תנאים,tenaim,H
תעשה,taase,H
תפילין,tefilin,H
תפלה,tefila,H
תקומה,tekuma,H
תרבות,tarbut,H
תרדיון,Teradyon,H
תרומה,Teruma,H
תרפון,Tarfon,H
תשובה,teshuva,H
